,ANO,UF,CÓDIGO MUN,MUNICÍPIO,ZONA ELEITORAL,CANDIDATO,VOTOS
99,2014,MG,49972,PERDÕES,216,DILMA,5625
109,2014,MG,49212,OURO PRETO,200,DILMA,20680
110,2014,MG,43710,CONTAGEM,90,DILMA,67
831,2014,MG,52370,SÃO GONÇALO DO RIO ABAIXO,245,AÉCIO NEVES,3563
832,2014,MG,54038,UBERLÂNDIA,299,AÉCIO NEVES,22242
845,2014,MG,46272,IPIAÇU,302,AÉCIO NEVES,783
846,2014,MG,46353,ITABIRINHA,169,AÉCIO NEVES,2316
877,2014,MG,44571,DONA EUSÉBIA,79,AÉCIO NEVES,929
906,2014,MG,40940,JUVENÍLIA,342,AÉCIO NEVES,883
907,2014,MG,43176,CHÁCARA,155,AÉCIO NEVES,628
915,2014,MG,50199,PIRANGUINHO,51,AÉCIO NEVES,2508
916,2014,MG,46418,ITACARAMBI,148,AÉCIO NEVES,1631
917,2014,MG,43214,CHAPADA DO NORTE,177,AÉCIO NEVES,1337
924,2014,MG,48836,NACIP RAYDAN,212,AÉCIO NEVES,414
929,2014,MG,53139,SENADOR FIRMINO,261,AÉCIO NEVES,1763
935,2014,MG,46094,ILICÍNEA,43,AÉCIO NEVES,3043
936,2014,MG,52434,SÃO JOÃO BATISTA DO GLÓRIA,209,AÉCIO NEVES,2691
937,2014,MG,51217,RITÁPOLIS,256,AÉCIO NEVES,1727
947,2014,MG,42277,CAMPO FLORIDO,326,AÉCIO NEVES,1467
960,2014,MG,46396,ITACAMBIRA,325,AÉCIO NEVES,688
961,2014,MG,40932,ATALÉIA,270,AÉCIO NEVES,1154
968,2014,MG,53414,SERRO,262,AÉCIO NEVES,3017
982,2014,MG,41637,BONFINÓPOLIS DE MINAS,329,AÉCIO NEVES,1332
989,2014,MG,43710,CONTAGEM,313,AÉCIO NEVES,32123
990,2014,MG,45535,GOVERNADOR VALADARES,119,AÉCIO NEVES,14998
991,2014,MG,41238,BELO HORIZONTE,33,AÉCIO NEVES,48409
999,2014,MG,52574,SÃO JOÃO NEPOMUCENO,258,AÉCIO NEVES,4906
1008,2014,MG,44377,DIVINÉSIA,275,AÉCIO NEVES,1332
1013,2014,MG,41823,CANTAGALO,212,AÉCIO NEVES,818
1538,2014,MG,44350,DIONÍSIO,251,DILMA,2603
1577,2014,MG,40207,FERVEDOURO,69,DILMA,4083
1578,2014,MG,41998,CAETÉ,56,DILMA,8646
1579,2014,MG,43516,CONCEIÇÃO DO PARÁ,219,DILMA,1118
1580,2014,MG,42420,TAPARUBA,129,DILMA,1262
1581,2014,MG,41599,BOM SUCESSO,46,DILMA,4005
1582,2014,MG,45136,FELIXLÂNDIA,100,DILMA,3679
1583,2014,MG,41203,OLHOS D'ÁGUA,44,DILMA,2493
1587,2014,MG,44954,ESTRELA DO SUL,110,DILMA,2573
1588,2014,MG,45454,GALILÉIA,117,DILMA,1944
1589,2014,MG,49816,PEDRALVA,214,DILMA,2000
1594,2014,MG,41386,PINTÓPOLIS,252,DILMA,3078
1595,2014,MG,43273,CLARAVAL,127,DILMA,762
1596,2014,MG,45250,FORTALEZA DE MINAS,145,DILMA,937
1597,2014,MG,45977,IBITIÚRA DE MINAS,13,DILMA,779
1603,2014,MG,47252,JOÃO PINHEIRO,151,DILMA,15093
1604,2014,MG,41238,BELO HORIZONTE,38,DILMA,22661
1605,2014,MG,42293,CAMPOS ALTOS,327,DILMA,2889
1609,2014,MG,50059,PIEDADE DO RIO GRANDE,24,DILMA,1433
1610,2014,MG,46256,IPATINGA,131,DILMA,18654
1611,2014,MG,44598,DORES DE CAMPOS,228,DILMA,1940
1612,2014,MG,41556,BOM JESUS DO GALHO,72,DILMA,4805
1616,2014,MG,52639,SÃO JOSÉ DO ALEGRE,214,DILMA,657
1617,2014,MG,42617,CARANAÍBA,68,DILMA,1176
1618,2014,MG,40711,ARANTINA,14,DILMA,1279
1620,2014,MG,51870,SANTA RITA DE IBITIPOCA,24,DILMA,1547
1621,2014,MG,47791,MACHADO,164,DILMA,6615
1622,2014,MG,47139,JEQUITIBÁ,264,DILMA,1592
1623,2014,MG,47210,JOANÉSIA,176,DILMA,1587
1624,2014,MG,41122,NINHEIRA,237,DILMA,2806
1629,2014,MG,49492,PASSABÉM,132,DILMA,664
1630,2014,MG,40789,SÃO JOSÉ DA LAPA,311,DILMA,4950
1631,2014,MG,48151,MATIAS BARBOSA,173,DILMA,4312
1632,2014,MG,53872,TRÊS PONTAS,273,DILMA,13627
1633,2014,MG,47716,LIMA DUARTE,162,DILMA,5766
1634,2014,MG,43796,CORDISLÂNDIA,253,DILMA,981
1635,2014,MG,47155,JEQUITINHONHA,149,DILMA,7757
1636,2014,MG,44857,ESPINOSA,109,DILMA,11683
1637,2014,MG,47392,LADAINHA,270,DILMA,4532
1639,2014,MG,41432,BOCAINA DE MINAS,6,DILMA,1038
1642,2014,MG,47414,LAGAMAR,230,DILMA,2529
1643,2014,MG,42730,CARLOS CHAGAS,73,DILMA,5215
1644,2014,MG,40070,ACAIACA,225,DILMA,1639
1653,2014,MG,51411,SALTO DA DIVISA,144,DILMA,1933
1654,2014,MG,46833,ITUIUTABA,141,DILMA,34849
1656,2014,MG,52396,SÃO GONÇALO DO SAPUCAÍ,253,DILMA,5034
1660,2014,MG,52051,SANTO ANTÔNIO DO JACINTO,144,DILMA,2485
1661,2014,MG,44270,DESTERRO DE ENTRE RIOS,106,DILMA,1116
1662,2014,MG,54356,VIRGÍNIA,137,DILMA,1879
1666,2014,MG,40002,ALFREDO VASCONCELOS,25,DILMA,2568
1674,2014,MG,42439,CAPELA NOVA,68,DILMA,1467
1677,2014,MG,42196,CAMPESTRE,62,DILMA,3446
1690,2014,MG,52515,SÃO JOÃO DO ORIENTE,128,DILMA,3164
1691,2014,MG,40851,AREADO,19,DILMA,1993
1693,2014,MG,41696,BOTUMIRIM,120,DILMA,2342
1694,2014,MG,46337,ITABIRA,132,DILMA,25186
2229,2014,MG,40134,ÁGUA COMPRIDA,347,DILMA,692
2230,2014,MG,41220,ORATÓRIOS,224,DILMA,2089
2231,2014,MG,45314,FRANCISCO DUMONT,44,DILMA,1705
2232,2014,MG,43672,CONSELHEIRO PENA,89,DILMA,5377
2233,2014,MG,45918,IBIAÍ,94,DILMA,3537
2237,2014,MG,49913,PEQUI,202,DILMA,1423
2238,2014,MG,44733,ENGENHEIRO CALDAS,267,DILMA,2474
2239,2014,MG,40681,SANTANA DO PARAÍSO,130,DILMA,6001
2244,2014,MG,42030,CAJURI,282,DILMA,1660
2245,2014,MG,41092,BARÃO DE MONTE ALTO,201,DILMA,2589
2246,2014,MG,43257,CIPOTÂNEA,11,DILMA,1467
2247,2014,MG,43850,COROMANDEL,96,DILMA,8141
2249,2014,MG,49239,OURO VERDE DE MINAS,270,DILMA,2466
2252,2014,MG,50890,RIACHO DOS MACHADOS,226,DILMA,3865
2253,2014,MG,41335,BETIM,40,DILMA,20727
2254,2014,MG,51616,SANTA MARIA DO SALTO,144,DILMA,1342
2255,2014,MG,49093,OLÍMPIO NORONHA,159,DILMA,671
2256,2014,MG,43630,CONQUISTA,86,DILMA,1543
2257,2014,MG,46817,ITUETA,233,DILMA,1936
2258,2014,MG,48976,NOVA MÓDICA,136,DILMA,1298
2259,2014,MG,42099,CAMANDUCAIA,58,DILMA,4450
2260,2014,MG,46477,ITAJUBÁ,134,DILMA,13005
2267,2014,MG,44334,DIOGO DE VASCONCELOS,171,DILMA,1852
2269,2014,MG,41076,BARÃO DE COCAIS,22,DILMA,6911
2270,2014,MG,48658,MONTES CLAROS,184,DILMA,22526
2271,2014,MG,49417,PARÁ DE MINAS,202,DILMA,13853
2272,2014,MG,40355,ALPERCATA,119,DILMA,2839
2273,2014,MG,42935,CARVALHÓPOLIS,164,DILMA,1028
2274,2014,MG,53457,SILVEIRÂNIA,239,DILMA,1148
2277,2014,MG,47830,MALACACHETA,165,DILMA,5790
2278,2014,MG,48518,MONSENHOR PAULO,61,DILMA,2269
2279,2014,MG,45519,GOUVEIA,101,DILMA,4426
2280,2014,MG,40959,AUGUSTO DE LIMA,54,DILMA,1647
2281,2014,MG,50172,PIRANGUÇU,134,DILMA,1169
2282,2014,MG,45152,FERNANDES TOURINHO,267,DILMA,999
2283,2014,MG,44156,CRUZÍLIA,346,DILMA,4740
2284,2014,MG,46230,IPANEMA,129,DILMA,5600
2286,2014,MG,45179,FERROS,113,DILMA,3542
2287,2014,MG,40428,MATA VERDE,9,DILMA,2223
2294,2014,MG,50393,POMPÉU,223,DILMA,9874
2295,2014,MG,44415,DIVINO DAS LARANJEIRAS,117,DILMA,1443
2296,2014,MG,43834,COROACI,212,DILMA,3483
2312,2014,MG,52310,SÃO GERALDO DA PIEDADE,283,DILMA,1657
2313,2014,MG,53694,TEIXEIRAS,268,DILMA,4242
2314,2014,MG,42404,SETUBINHA,165,DILMA,3516
2317,2014,MG,51594,SANTA MARIA DE ITABIRA,132,DILMA,3539
2320,2014,MG,40380,LONTRA,255,DILMA,4088
2328,2014,MG,44091,CRISTINA,99,DILMA,1394
2335,2014,MG,42978,CASA GRANDE,88,DILMA,781
2336,2014,MG,45292,FRANCISCO BADARÓ,177,DILMA,2209
2337,2014,MG,51039,RIO ESPERA,88,DILMA,1774
2339,2014,MG,51977,SANTO ANTÔNIO DO AMPARO,46,DILMA,5889
2350,2014,MG,41939,CACHOEIRA DE MINAS,300,DILMA,2068
2351,2014,MG,41238,BELO HORIZONTE,26,DILMA,14992
5554,2014,MG,51810,SANTANA DOS MONTES,88,AÉCIO NEVES,1250
5555,2014,MG,40975,BAEPENDI,20,AÉCIO NEVES,4016
5564,2014,MG,47856,MANGA,166,AÉCIO NEVES,2010
5571,2014,MG,50172,PIRANGUÇU,134,AÉCIO NEVES,2053
5572,2014,MG,49891,PEQUERI,42,AÉCIO NEVES,873
5574,2014,MG,41262,PADRE CARVALHO,244,AÉCIO NEVES,894
5575,2014,MG,53538,SOBRÁLIA,267,AÉCIO NEVES,995
5576,2014,MG,41211,BELMIRO BRAGA,152,AÉCIO NEVES,695
5593,2014,MG,52833,SÃO ROMÃO,285,AÉCIO NEVES,875
5594,2014,MG,54330,VIRGEM DA LAPA,15,AÉCIO NEVES,1864
5595,2014,MG,54291,VIEIRAS,290,AÉCIO NEVES,796
5596,2014,MG,40177,ÁGUAS FORMOSAS,4,AÉCIO NEVES,3000
5598,2014,MG,43753,CORAÇÃO DE JESUS,94,AÉCIO NEVES,1977
5602,2014,MG,42498,CAPIM BRANCO,174,AÉCIO NEVES,2879
5603,2014,MG,49379,PAPAGAIOS,219,AÉCIO NEVES,3851
5612,2014,MG,46256,IPATINGA,131,AÉCIO NEVES,12525
5613,2014,MG,45799,GUIRICEMA,284,AÉCIO NEVES,1503
5614,2014,MG,44555,DOM VIÇOSO,75,AÉCIO NEVES,1475
5615,2014,MG,53236,SENHORA DOS REMÉDIOS,25,AÉCIO NEVES,2278
5616,2014,MG,41157,TRÊS MARIAS,309,AÉCIO NEVES,6716
5617,2014,MG,42730,CARLOS CHAGAS,73,AÉCIO NEVES,4132
5622,2014,MG,42170,CAMPANHA,61,AÉCIO NEVES,5591
5623,2014,MG,43052,CATAGUASES,79,AÉCIO NEVES,7265
5624,2014,MG,41238,BELO HORIZONTE,333,AÉCIO NEVES,37616
5625,2014,MG,41238,BELO HORIZONTE,334,AÉCIO NEVES,47375
5629,2014,MG,43419,CONCEIÇÃO DA APARECIDA,77,AÉCIO NEVES,2219
5630,2014,MG,44016,COUTO DE MAGALHÃES DE MINAS,101,AÉCIO NEVES,688
5631,2014,MG,53570,TABULEIRO,239,AÉCIO NEVES,1097
5633,2014,MG,40290,ALÉM PARAÍBA,7,AÉCIO NEVES,4700
5634,2014,MG,47155,JEQUITINHONHA,149,AÉCIO NEVES,2522
5635,2014,MG,41955,CACHOEIRA DOURADA,302,AÉCIO NEVES,325
5636,2014,MG,44717,ELÓI MENDES,105,AÉCIO NEVES,8729
5637,2014,MG,42013,CAIANA,303,AÉCIO NEVES,470
5644,2014,MG,44253,DESCOBERTO,258,AÉCIO NEVES,1317
5645,2014,MG,49492,PASSABÉM,132,AÉCIO NEVES,506
5646,2014,MG,41874,BURITIZEIRO,218,AÉCIO NEVES,2819
5647,2014,MG,42340,SÃO SEBASTIÃO DA VARGEM ALEGRE,178,AÉCIO NEVES,628
5648,2014,MG,42374,CANA VERDE,216,AÉCIO NEVES,844
5649,2014,MG,50890,RIACHO DOS MACHADOS,226,AÉCIO NEVES,800
5650,2014,MG,51950,SANTA VITÓRIA,308,AÉCIO NEVES,2444
5651,2014,MG,48097,MARTINHO CAMPOS,341,AÉCIO NEVES,4232
5652,2014,MG,41580,SÃO GERALDO DO BAIXIO,117,AÉCIO NEVES,819
5653,2014,MG,42811,CARMO DE MINAS,75,AÉCIO NEVES,4151
5654,2014,MG,41866,CATUTI,226,AÉCIO NEVES,455
5655,2014,MG,43494,CONCEIÇÃO DO MATO DENTRO,83,AÉCIO NEVES,2954
5656,2014,MG,43613,CONGONHAS DO NORTE,83,AÉCIO NEVES,697
5657,2014,MG,41556,BOM JESUS DO GALHO,72,AÉCIO NEVES,3211
5667,2014,MG,49450,PARAISÓPOLIS,205,AÉCIO NEVES,7313
5668,2014,MG,43990,CÓRREGO NOVO,72,AÉCIO NEVES,618
5677,2014,MG,50016,PIAU,235,AÉCIO NEVES,654
5680,2014,MG,41530,BOM JESUS DO AMPARO,22,AÉCIO NEVES,1425
5681,2014,MG,42196,CAMPESTRE,62,AÉCIO NEVES,6824
5683,2014,MG,41718,BRASÍLIA DE MINAS,50,AÉCIO NEVES,3103
5689,2014,MG,44911,ESTRELA DALVA,292,AÉCIO NEVES,428
5690,2014,MG,53759,TIRADENTES,256,AÉCIO NEVES,2273
5699,2014,MG,41343,PIEDADE DE CARATINGA,71,AÉCIO NEVES,1553
5700,2014,MG,41807,CAMPO AZUL,50,AÉCIO NEVES,500
5701,2014,MG,41440,SANTA BÁRBARA DO MONTE VERDE,240,AÉCIO NEVES,864
5702,2014,MG,41203,OLHOS D'ÁGUA,44,AÉCIO NEVES,553
5706,2014,MG,47910,MANTENA,169,AÉCIO NEVES,4501
5725,2014,MG,46892,ITUTINGA,343,AÉCIO NEVES,1329
5737,2014,MG,45071,FELÍCIO DOS SANTOS,101,AÉCIO NEVES,1510
5738,2014,MG,50156,PIRANGA,217,AÉCIO NEVES,2898
5756,2014,MG,46779,ITAVERAVA,88,AÉCIO NEVES,1215
5757,2014,MG,50873,RESSAQUINHA,25,AÉCIO NEVES,983
5758,2014,MG,40347,LAGOA GRANDE,230,AÉCIO NEVES,1807
5776,2014,MG,45810,GURINHATÃ,141,AÉCIO NEVES,1207
5789,2014,MG,41300,PATIS,185,AÉCIO NEVES,658
5790,2014,MG,45535,GOVERNADOR VALADARES,118,AÉCIO NEVES,24639
5791,2014,MG,45535,GOVERNADOR VALADARES,318,AÉCIO NEVES,19964
5803,2014,MG,51535,SANTA JULIANA,340,AÉCIO NEVES,2644
5805,2014,MG,42510,CAPINÓPOLIS,302,AÉCIO NEVES,2414
5806,2014,MG,48933,NOVA ERA,193,AÉCIO NEVES,3459
5807,2014,MG,44415,DIVINO DAS LARANJEIRAS,117,AÉCIO NEVES,895
5808,2014,MG,49999,PESCADOR,136,AÉCIO NEVES,1018
5818,2014,MG,53198,SENHORA DE OLIVEIRA,217,AÉCIO NEVES,1372
5819,2014,MG,50474,POTÉ,270,AÉCIO NEVES,2970
5820,2014,MG,40010,ABADIA DOS DOURADOS,96,AÉCIO NEVES,1461
5821,2014,MG,54151,VÁRZEA DA PALMA,310,AÉCIO NEVES,5202
5998,2014,MG,40649,SANTA BÁRBARA DO LESTE,71,AÉCIO NEVES,1489
5999,2014,MG,52892,SÃO SEBASTIÃO DO MARANHÃO,247,AÉCIO NEVES,2231
6005,2014,MG,45411,FRUTAL,116,AÉCIO NEVES,9313
6006,2014,MG,49476,PARAOPEBA,206,AÉCIO NEVES,6152
6014,2014,MG,41289,PAI PEDRO,226,AÉCIO NEVES,417
6033,2014,MG,45713,GUARDA-MOR,295,AÉCIO NEVES,1415
6034,2014,MG,49034,NOVA SERRANA,298,AÉCIO NEVES,20741
6035,2014,MG,50458,PORTO FIRME,217,AÉCIO NEVES,1554
6036,2014,MG,44458,DIVINÓPOLIS,102,AÉCIO NEVES,28326
6052,2014,MG,44636,DORES DO INDAIÁ,104,AÉCIO NEVES,4862
6097,2014,MG,54011,UBERABA,277,AÉCIO NEVES,277
6098,2014,MG,40169,DURANDÉ,168,AÉCIO NEVES,1036
6110,2014,MG,50334,POÇO FUNDO,221,AÉCIO NEVES,4321
6111,2014,MG,51110,RIO PARDO DE MINAS,237,AÉCIO NEVES,2992
6115,2014,MG,41017,BAMBUÍ,21,AÉCIO NEVES,5578
6116,2014,MG,50733,QUARTEL GERAL,104,AÉCIO NEVES,1015
6117,2014,MG,49271,PAINEIRAS,1,AÉCIO NEVES,1202
6123,2014,MG,40096,AÇUCENA,3,AÉCIO NEVES,1370
6124,2014,MG,52051,SANTO ANTÔNIO DO JACINTO,144,AÉCIO NEVES,2733
8728,2014,MG,44571,DONA EUSÉBIA,79,DILMA,2353
8729,2014,MG,41726,BERIZAL,266,DILMA,1752
8730,2014,MG,43958,CÓRREGO DANTA,163,DILMA,1095
8731,2014,MG,47619,LASSANCE,310,DILMA,2428
8732,2014,MG,46990,JAGUARAÇU,98,DILMA,916
8739,2014,MG,53996,UBAÍ,50,DILMA,4540
8743,2014,MG,47635,LAVRAS,160,DILMA,16011
8751,2014,MG,45535,GOVERNADOR VALADARES,118,DILMA,14755
8758,2014,MG,41661,ALTO CAPARAÓ,168,DILMA,1233
8759,2014,MG,41025,MÁRIO CAMPOS,288,DILMA,2840
8765,2014,MG,49310,PAIVA,250,DILMA,541
8773,2014,MG,41238,BELO HORIZONTE,334,DILMA,25189
8785,2014,MG,42412,CAPARAÓ,303,DILMA,2001
8790,2014,MG,52434,SÃO JOÃO BATISTA DO GLÓRIA,209,DILMA,1612
8811,2014,MG,51390,SALINAS,244,DILMA,11887
8818,2014,MG,40061,CAPITÃO ANDRADE,138,DILMA,1446
8825,2014,MG,54038,UBERLÂNDIA,314,DILMA,29722
8828,2014,MG,50695,ALTO JEQUITIBÁ,168,DILMA,2215
9253,2014,MG,51071,RIO NOVO,235,DILMA,2062
9254,2014,MG,43710,CONTAGEM,313,DILMA,22349
9255,2014,MG,53716,TEÓFILO OTONI,269,DILMA,34981
9256,2014,MG,42331,CANAÃ,282,DILMA,1970
9266,2014,MG,51578,SANTA MARGARIDA,2,DILMA,5752
9267,2014,MG,43770,CORDISBURGO,206,DILMA,2356
9268,2014,MG,41769,BUGRE,128,DILMA,1380
9270,2014,MG,41742,BONITO DE MINAS,148,DILMA,3931
9310,2014,MG,52698,SÃO JOSÉ DO JACURI,212,DILMA,1946
9328,2014,MG,48275,MEDINA,175,DILMA,6931
9329,2014,MG,50156,PIRANGA,217,DILMA,4873
9330,2014,MG,44393,DIVINO,70,DILMA,7031
9331,2014,MG,50199,PIRANGUINHO,51,DILMA,1964
9342,2014,MG,41319,BERTÓPOLIS,4,DILMA,1441
9343,2014,MG,54070,UNAÍ,280,DILMA,14897
9344,2014,MG,47732,LUMINÁRIAS,160,DILMA,1156
9378,2014,MG,40800,SARZEDO,288,DILMA,5174
9379,2014,MG,41750,BRAÚNAS,176,DILMA,1519
9380,2014,MG,53538,SOBRÁLIA,267,DILMA,1744
9383,2014,MG,44911,ESTRELA DALVA,292,DILMA,1072
9384,2014,MG,40606,RIACHINHO,329,DILMA,2653
9390,2014,MG,51357,SABINÓPOLIS,242,DILMA,4544
9391,2014,MG,41211,BELMIRO BRAGA,152,DILMA,1347
9392,2014,MG,48879,NATÉRCIA,191,DILMA,830
9393,2014,MG,44610,DORES DE GUANHÃES,121,DILMA,2384
9394,2014,MG,53619,TAPIRA,17,DILMA,1128
9395,2014,MG,45993,IBITURUNA,46,DILMA,671
9396,2014,MG,45730,GUAXUPÉ,125,DILMA,12316
9397,2014,MG,45616,GUAPÉ,122,DILMA,3761
9401,2014,MG,45373,FREI INOCÊNCIO,119,DILMA,3145
9406,2014,MG,40274,ALBERTINA,146,DILMA,265
9407,2014,MG,52736,SÃO LOURENÇO,259,DILMA,4965
9408,2014,MG,47333,JUIZ DE FORA,349,DILMA,23591
9409,2014,MG,50253,PIRAÚBA,124,DILMA,3736
9410,2014,MG,47996,MARIANA,171,DILMA,16403
9411,2014,MG,44431,DIVINOLÂNDIA DE MINAS,283,DILMA,2190
9412,2014,MG,43613,CONGONHAS DO NORTE,83,DILMA,1698
9413,2014,MG,44873,ESPÍRITO SANTO DO DOURADO,265,DILMA,786
9414,2014,MG,40533,CACHOEIRA DE PAJEÚ,213,DILMA,3123
9416,2014,MG,49433,PARAGUAÇU,204,DILMA,4642
9420,2014,MG,48097,MARTINHO CAMPOS,341,DILMA,2193
9421,2014,MG,42811,CARMO DE MINAS,75,DILMA,2335
9422,2014,MG,40657,ARACITABA,250,DILMA,953
9423,2014,MG,47333,JUIZ DE FORA,154,DILMA,19226
9425,2014,MG,41300,PATIS,185,DILMA,2466
9427,2014,MG,50555,PRATA,229,DILMA,8709
9428,2014,MG,46612,ITANHANDU,137,DILMA,2438
9429,2014,MG,43117,CEDRO DO ABAETÉ,1,DILMA,258
9430,2014,MG,44016,COUTO DE MAGALHÃES DE MINAS,101,DILMA,1453
9431,2014,MG,51675,SANTANA DE CATAGUASES,79,DILMA,1370
9432,2014,MG,50350,POÇOS DE CALDAS,350,DILMA,16720
9433,2014,MG,52850,SÃO ROQUE DE MINAS,323,DILMA,891
9434,2014,MG,54151,VÁRZEA DA PALMA,310,DILMA,10350
9435,2014,MG,54011,UBERABA,277,DILMA,84
9437,2014,MG,42048,DOM BOSCO,329,DILMA,1244
9438,2014,MG,52531,SÃO JOÃO DO PARAÍSO,237,DILMA,5503
9439,2014,MG,42307,JOSÉ GONÇALVES DE MINAS,336,DILMA,1344
9440,2014,MG,40436,ALVARENGA,89,DILMA,1780
9444,2014,MG,53112,SENADOR CORTES,170,DILMA,887
9445,2014,MG,54437,VOLTA GRANDE,7,DILMA,1577
9446,2014,MG,41343,PIEDADE DE CARATINGA,71,DILMA,2586
9447,2014,MG,47457,LAGOA DOS PATOS,94,DILMA,1693
9448,2014,MG,44555,DOM VIÇOSO,75,DILMA,657
9450,2014,MG,41483,SANTA CRUZ DE SALINAS,244,DILMA,2253
9451,2014,MG,41777,BRAZÓPOLIS,51,DILMA,2810
9452,2014,MG,47490,LAGOA FORMOSA,330,DILMA,4620
9458,2014,MG,50458,PORTO FIRME,217,DILMA,3803
9459,2014,MG,47333,JUIZ DE FORA,315,DILMA,24382
9469,2014,MG,52078,SANTO ANTÔNIO DO MONTE,249,DILMA,3141
9470,2014,MG,54330,VIRGEM DA LAPA,15,DILMA,3822
9471,2014,MG,43494,CONCEIÇÃO DO MATO DENTRO,83,DILMA,5260
9472,2014,MG,53597,TAIOBEIRAS,266,DILMA,6115
9478,2014,MG,41173,BARROSO,344,DILMA,6378
9482,2014,MG,44814,ESMERALDAS,108,DILMA,15198
9491,2014,MG,41394,BIQUINHAS,186,DILMA,1008
9494,2014,MG,41165,NOVA PORTEIRINHA,147,DILMA,3686
9499,2014,MG,41890,CABO VERDE,55,DILMA,4029
9500,2014,MG,41238,BELO HORIZONTE,34,DILMA,13922
9501,2014,MG,50318,PLANURA,116,DILMA,2798
12125,2014,MG,44393,DIVINO,70,AÉCIO NEVES,2254
12126,2014,MG,41998,CAETÉ,56,AÉCIO NEVES,13175
12136,2014,MG,50652,PRESIDENTE KUBITSCHEK,101,AÉCIO NEVES,521
12137,2014,MG,52396,SÃO GONÇALO DO SAPUCAÍ,253,AÉCIO NEVES,6597
12138,2014,MG,46493,ITAMARANDIBA,135,AÉCIO NEVES,4259
12139,2014,MG,41645,SÃO JOSÉ DA BARRA,10,AÉCIO NEVES,1358
13143,2014,MG,48658,MONTES CLAROS,184,AÉCIO NEVES,13912
13154,2014,MG,50997,RIO DOCE,225,AÉCIO NEVES,765
13155,2014,MG,53279,SERITINGA,6,AÉCIO NEVES,662
13163,2014,MG,42463,URUANA DE MINAS,320,AÉCIO NEVES,616
13164,2014,MG,40746,SÃO JOÃO DO MANTENINHA,169,AÉCIO NEVES,879
13170,2014,MG,49336,PALMA,201,AÉCIO NEVES,904
13171,2014,MG,47058,JAPARAÍBA,156,AÉCIO NEVES,1201
13189,2014,MG,47333,JUIZ DE FORA,153,AÉCIO NEVES,11318
13190,2014,MG,42234,CAMPO BELO,64,AÉCIO NEVES,10422
13191,2014,MG,54038,UBERLÂNDIA,314,AÉCIO NEVES,318
13243,2014,MG,54011,UBERABA,276,AÉCIO NEVES,11421
13257,2014,MG,44032,CRISTAIS,64,AÉCIO NEVES,2101
13259,2014,MG,42480,VARGEM GRANDE DO RIO PARDO,237,AÉCIO NEVES,1032
13260,2014,MG,44830,ESPERA FELIZ,303,AÉCIO NEVES,2216
13261,2014,MG,47333,JUIZ DE FORA,349,AÉCIO NEVES,14196
13269,2014,MG,45055,FARIA LEMOS,69,AÉCIO NEVES,339
13270,2014,MG,45837,HELIODORA,191,AÉCIO NEVES,2148
13287,2014,MG,50270,PITANGUI,219,AÉCIO NEVES,9212
13288,2014,MG,49174,OURO BRANCO,198,AÉCIO NEVES,8686
13289,2014,MG,54097,URUCÂNIA,339,AÉCIO NEVES,1870
13292,2014,MG,41785,CABECEIRA GRANDE,280,AÉCIO NEVES,1747
13294,2014,MG,41033,BANDEIRA,9,AÉCIO NEVES,571
13296,2014,MG,43877,CORONEL FABRICIANO,97,AÉCIO NEVES,16708
13306,2014,MG,40916,ASTOLFO DUTRA,79,AÉCIO NEVES,2669
13312,2014,MG,53252,SERICITA,2,AÉCIO NEVES,1967
13313,2014,MG,40886,URUCUIA,320,AÉCIO NEVES,890
13318,2014,MG,53058,SÃO VICENTE DE MINAS,14,AÉCIO NEVES,2840
13319,2014,MG,52299,SÃO GERALDO,284,AÉCIO NEVES,1774
13361,2014,MG,50814,RECREIO,161,AÉCIO NEVES,1379
13362,2014,MG,48372,MINDURI,346,AÉCIO NEVES,1083
13363,2014,MG,49573,PASSOS,209,AÉCIO NEVES,25329
13368,2014,MG,54038,UBERLÂNDIA,278,AÉCIO NEVES,22791
13369,2014,MG,53996,UBAÍ,50,AÉCIO NEVES,1596
13380,2014,MG,47350,JURAMENTO,325,AÉCIO NEVES,830
13381,2014,MG,40568,PERIQUITO,318,AÉCIO NEVES,1312
15008,2014,MG,40541,PEDRAS DE MARIA DA CRUZ,148,DILMA,4264
15009,2014,MG,41238,BELO HORIZONTE,37,DILMA,20060
15010,2014,MG,41823,CANTAGALO,212,DILMA,1455
15015,2014,MG,51713,SANTANA DO DESERTO,173,DILMA,1360
15016,2014,MG,42366,SÃO SEBASTIÃO DO ANTA,128,DILMA,2213
15023,2014,MG,53554,SOLEDADE DE MINAS,259,DILMA,1029
15040,2014,MG,41734,BRÁS PIRES,261,DILMA,1367
15041,2014,MG,49530,PASSA TEMPO,208,DILMA,2204
15051,2014,MG,41238,BELO HORIZONTE,27,DILMA,17678
15052,2014,MG,41238,BELO HORIZONTE,30,DILMA,18773
15053,2014,MG,41238,BELO HORIZONTE,35,DILMA,18364
15064,2014,MG,50512,POUSO ALTO,259,DILMA,981
15069,2014,MG,45012,EXTREMA,112,DILMA,4555
15081,2014,MG,46957,JACUÍ,145,DILMA,1091
15082,2014,MG,53090,SARDOÁ,283,DILMA,1797
15091,2014,MG,43559,CONCEIÇÃO DOS OUROS,300,DILMA,2230
15092,2014,MG,44318,DIAMANTINA,101,DILMA,13330
15095,2014,MG,49298,PAINS,18,DILMA,2006
15101,2014,MG,42277,CAMPO FLORIDO,326,DILMA,1929
15102,2014,MG,45594,GUANHÃES,121,DILMA,6550
15103,2014,MG,50350,POÇOS DE CALDAS,222,DILMA,12843
15108,2014,MG,53830,TOMBOS,271,DILMA,2809
15109,2014,MG,42919,CARRANCAS,343,DILMA,972
16785,2014,MG,48291,MENDES PIMENTEL,169,AÉCIO NEVES,1191
16786,2014,MG,47597,LARANJAL,187,AÉCIO NEVES,1208
16800,2014,MG,42471,CAPETINGA,78,AÉCIO NEVES,2114
16801,2014,MG,44210,DELFIM MOREIRA,134,AÉCIO NEVES,2886
16805,2014,MG,52515,SÃO JOÃO DO ORIENTE,128,AÉCIO NEVES,1280
16806,2014,MG,43010,CÁSSIA,78,AÉCIO NEVES,4376
16807,2014,MG,42366,SÃO SEBASTIÃO DO ANTA,128,AÉCIO NEVES,1128
16808,2014,MG,49638,PATROCÍNIO DO MURIAÉ,111,AÉCIO NEVES,936
16809,2014,MG,41173,BARROSO,344,AÉCIO NEVES,3885
16810,2014,MG,41165,NOVA PORTEIRINHA,147,AÉCIO NEVES,587
16811,2014,MG,40282,JAÍBA,166,AÉCIO NEVES,2218
16812,2014,MG,41696,BOTUMIRIM,120,AÉCIO NEVES,828
16815,2014,MG,43370,COMENDADOR GOMES,116,AÉCIO NEVES,767
16816,2014,MG,52531,SÃO JOÃO DO PARAÍSO,237,AÉCIO NEVES,3631
16822,2014,MG,42285,JENIPAPO DE MINAS,177,AÉCIO NEVES,1102
16823,2014,MG,40274,ALBERTINA,146,AÉCIO NEVES,1538
16826,2014,MG,41521,SANTO ANTÔNIO DO RETIRO,237,AÉCIO NEVES,556
16827,2014,MG,41378,BICAS,42,AÉCIO NEVES,2926
16829,2014,MG,41610,BONFIM,47,AÉCIO NEVES,2149
16832,2014,MG,45110,FELISBURGO,149,AÉCIO NEVES,1127
16833,2014,MG,40630,ARAÇAÍ,206,AÉCIO NEVES,965
16834,2014,MG,51519,SANTA FÉ DE MINAS,285,AÉCIO NEVES,451
16836,2014,MG,53872,TRÊS PONTAS,273,AÉCIO NEVES,15317
16837,2014,MG,54011,UBERABA,277,AÉCIO NEVES,14496
16846,2014,MG,50393,POMPÉU,223,AÉCIO NEVES,5338
16855,2014,MG,42587,TOCOS DO MOJI,48,AÉCIO NEVES,1293
16856,2014,MG,42650,CARANGOLA,69,AÉCIO NEVES,4096
16857,2014,MG,42714,CAREAÇU,253,AÉCIO NEVES,2051
16858,2014,MG,47490,LAGOA FORMOSA,330,AÉCIO NEVES,4263
16860,2014,MG,48259,MEDEIROS,21,AÉCIO NEVES,1272
16861,2014,MG,40835,ARCOS,18,AÉCIO NEVES,9696
16862,2014,MG,46752,ITAÚNA,140,AÉCIO NEVES,31603
16863,2014,MG,40215,AIMORÉS,5,AÉCIO NEVES,3551
16864,2014,MG,40223,FRANCISCÓPOLIS,165,AÉCIO NEVES,580
16865,2014,MG,50059,PIEDADE DO RIO GRANDE,24,AÉCIO NEVES,1235
16866,2014,MG,40428,MATA VERDE,9,AÉCIO NEVES,1605
16871,2014,MG,42447,UNIÃO DE MINAS,142,AÉCIO NEVES,583
16872,2014,MG,52132,SANTOS DUMONT,250,AÉCIO NEVES,6627
16874,2014,MG,42048,DOM BOSCO,329,AÉCIO NEVES,910
16875,2014,MG,49557,PASSA VINTE,6,AÉCIO NEVES,885
16876,2014,MG,42226,IMBÉ DE MINAS,71,AÉCIO NEVES,1348
16877,2014,MG,40436,ALVARENGA,89,AÉCIO NEVES,1318
16878,2014,MG,49778,PEDRA DO INDAIÁ,249,AÉCIO NEVES,1253
16879,2014,MG,48410,MIRADOURO,290,AÉCIO NEVES,1766
16884,2014,MG,41190,BELA VISTA DE MINAS,193,AÉCIO NEVES,1197
16887,2014,MG,43931,CORONEL XAVIER CHAVES,232,AÉCIO NEVES,1013
16888,2014,MG,40711,ARANTINA,14,AÉCIO NEVES,477
16889,2014,MG,47651,LEANDRO FERREIRA,219,AÉCIO NEVES,1517
16890,2014,MG,51993,SANTO ANTÔNIO DO AVENTUREIRO,7,AÉCIO NEVES,1049
16891,2014,MG,52752,SÃO MIGUEL DO ANTA,282,AÉCIO NEVES,1316
16892,2014,MG,42099,CAMANDUCAIA,58,AÉCIO NEVES,6103
16895,2014,MG,41084,MONTE FORMOSO,149,AÉCIO NEVES,599
16896,2014,MG,43230,CHIADOR,170,AÉCIO NEVES,1254
16897,2014,MG,50750,QUELUZITO,88,AÉCIO NEVES,679
16898,2014,MG,53791,TOCANTINS,275,AÉCIO NEVES,3673
16899,2014,MG,46132,INDIANÓPOLIS,16,AÉCIO NEVES,1091
16901,2014,MG,41122,NINHEIRA,237,AÉCIO NEVES,1236
16905,2014,MG,50571,PRATÁPOLIS,293,AÉCIO NEVES,2484
16906,2014,MG,46531,ITAMBACURI,136,AÉCIO NEVES,2272
16907,2014,MG,45195,FLORESTAL,202,AÉCIO NEVES,1605
16908,2014,MG,41238,BELO HORIZONTE,33,AÉCIO NEVES,1982
16909,2014,MG,40681,SANTANA DO PARAÍSO,130,AÉCIO NEVES,3118
16914,2014,MG,52035,SANTO ANTÔNIO DO ITAMBÉ,262,AÉCIO NEVES,623
16915,2014,MG,41467,SANTA CRUZ DE MINAS,256,AÉCIO NEVES,2473
16916,2014,MG,52493,SÃO JOÃO DEL REI,256,AÉCIO NEVES,10450
16917,2014,MG,42005,CURRAL DE DENTRO,266,AÉCIO NEVES,1407
16921,2014,MG,40460,MONTEZUMA,237,AÉCIO NEVES,711
16926,2014,MG,51551,SANTA LUZIA,246,AÉCIO NEVES,19520
16927,2014,MG,40509,NOVO ORIENTE DE MINAS,269,AÉCIO NEVES,1397
16928,2014,MG,54011,UBERABA,326,AÉCIO NEVES,14115
16937,2014,MG,40800,SARZEDO,288,AÉCIO NEVES,5473
16938,2014,MG,45136,FELIXLÂNDIA,100,AÉCIO NEVES,3610
16939,2014,MG,41025,MÁRIO CAMPOS,288,AÉCIO NEVES,3119
16968,2014,MG,47759,LUZ,163,AÉCIO NEVES,6062
17000,2014,MG,48496,MONJOLOS,101,AÉCIO NEVES,570
17001,2014,MG,46698,ITAPECERICA,139,AÉCIO NEVES,6897
17017,2014,MG,45578,GRUPIARA,110,AÉCIO NEVES,608
17029,2014,MG,48755,MUNHOZ,53,AÉCIO NEVES,2597
17030,2014,MG,46256,IPATINGA,348,AÉCIO NEVES,13435
17031,2014,MG,45535,GOVERNADOR VALADARES,118,AÉCIO NEVES,177
17032,2014,MG,40827,SEM PEIXE,12,AÉCIO NEVES,699
17047,2014,MG,50490,POUSO ALEGRE,227,AÉCIO NEVES,37849
17048,2014,MG,45675,GUARANI,124,AÉCIO NEVES,2052
17062,2014,MG,53694,TEIXEIRAS,268,AÉCIO NEVES,2118
17063,2014,MG,52230,SÃO FRANCISCO DE PAULA,197,AÉCIO NEVES,1388
17064,2014,MG,52779,SÃO PEDRO DA UNIÃO,125,AÉCIO NEVES,1470
17065,2014,MG,40126,DIVISA ALEGRE,213,AÉCIO NEVES,854
17066,2014,MG,49115,OLIVEIRA,197,AÉCIO NEVES,13038
17714,2014,MG,44857,ESPINOSA,109,AÉCIO NEVES,3084
17748,2014,MG,52710,SÃO JOSÉ DO MANTIMENTO,158,AÉCIO NEVES,775
17762,2014,MG,49212,OURO PRETO,200,AÉCIO NEVES,15118
17763,2014,MG,41475,BOM DESPACHO,45,AÉCIO NEVES,17429
17764,2014,MG,48917,NEPOMUCENO,192,AÉCIO NEVES,6799
17765,2014,MG,41360,PINGO D'ÁGUA,72,AÉCIO NEVES,856
17771,2014,MG,52094,SANTO ANTÔNIO DO RIO ABAIXO,83,AÉCIO NEVES,771
17772,2014,MG,47333,JUIZ DE FORA,155,AÉCIO NEVES,13477
17781,2014,MG,40410,ALTO RIO DOCE,11,AÉCIO NEVES,2412
17788,2014,MG,42315,CAMPOS GERAIS,65,AÉCIO NEVES,7250
17791,2014,MG,40240,ICARAÍ DE MINAS,252,AÉCIO NEVES,982
17804,2014,MG,53732,TIMÓTEO,98,AÉCIO NEVES,12484
17815,2014,MG,42242,INDAIABIRA,266,AÉCIO NEVES,1240
17816,2014,MG,45594,GUANHÃES,121,AÉCIO NEVES,7198
17823,2014,MG,41041,MARTINS SOARES,168,AÉCIO NEVES,1305
17827,2014,MG,43451,CONCEIÇÃO DAS ALAGOAS,82,AÉCIO NEVES,3738
17828,2014,MG,48194,MATO VERDE,180,AÉCIO NEVES,1731
17829,2014,MG,41009,LUISLÂNDIA,50,AÉCIO NEVES,364
17839,2014,MG,42773,CARMO DA CACHOEIRA,281,AÉCIO NEVES,3331
17846,2014,MG,41513,BOM JESUS DA PENHA,195,AÉCIO NEVES,1295
17847,2014,MG,41238,BELO HORIZONTE,331,AÉCIO NEVES,31627
17848,2014,MG,46450,ITAIPÉ,196,AÉCIO NEVES,2484
17864,2014,MG,43710,CONTAGEM,93,AÉCIO NEVES,21032
17865,2014,MG,50911,RIBEIRÃO DAS NEVES,321,AÉCIO NEVES,25851
17877,2014,MG,52558,SÃO JOÃO EVANGELISTA,257,AÉCIO NEVES,2296
17885,2014,MG,50091,PIMENTA,114,AÉCIO NEVES,2299
17886,2014,MG,51713,SANTANA DO DESERTO,173,AÉCIO NEVES,833
17887,2014,MG,44059,CRISTÁLIA,120,AÉCIO NEVES,635
17896,2014,MG,50130,PIRAJUBA,82,AÉCIO NEVES,1058
17897,2014,MG,41238,BELO HORIZONTE,30,AÉCIO NEVES,48118
18125,2014,MG,51675,SANTANA DE CATAGUASES,79,AÉCIO NEVES,1031
18126,2014,MG,53490,SIMÃO PEREIRA,173,AÉCIO NEVES,724
18130,2014,MG,42293,CAMPOS ALTOS,327,AÉCIO NEVES,3519
18131,2014,MG,45098,SÃO GONÇALO DO RIO PRETO,101,AÉCIO NEVES,674
18132,2014,MG,52337,SÃO GONÇALO DO ABAETÉ,210,AÉCIO NEVES,1197
18133,2014,MG,42307,JOSÉ GONÇALVES DE MINAS,336,AÉCIO NEVES,915
18134,2014,MG,46930,JACINTO,144,AÉCIO NEVES,2155
18135,2014,MG,40959,AUGUSTO DE LIMA,54,AÉCIO NEVES,922
18141,2014,MG,42064,FREI LAGONEGRO,212,AÉCIO NEVES,628
18142,2014,MG,48658,MONTES CLAROS,184,AÉCIO NEVES,210
18148,2014,MG,40991,BALDIM,264,AÉCIO NEVES,2471
18149,2014,MG,48534,MONTALVÂNIA,342,AÉCIO NEVES,1895
18150,2014,MG,48976,NOVA MÓDICA,136,AÉCIO NEVES,828
18151,2014,MG,41882,CHAPADA GAÚCHA,320,AÉCIO NEVES,1166
18157,2014,MG,48631,MONTE SANTO DE MINAS,182,AÉCIO NEVES,5360
18158,2014,MG,42420,TAPARUBA,129,AÉCIO NEVES,889
18159,2014,MG,53376,SERRANIA,8,AÉCIO NEVES,2393
18160,2014,MG,41564,SÃO FÉLIX DE MINAS,169,AÉCIO NEVES,663
18164,2014,MG,45918,IBIAÍ,94,AÉCIO NEVES,481
18165,2014,MG,40657,ARACITABA,250,AÉCIO NEVES,491
18166,2014,MG,48119,MATERLÂNDIA,242,AÉCIO NEVES,565
18170,2014,MG,45373,FREI INOCÊNCIO,119,AÉCIO NEVES,1032
18171,2014,MG,47511,LAGOA SANTA,157,AÉCIO NEVES,18471
18172,2014,MG,44792,ERVÁLIA,107,AÉCIO NEVES,3370
18173,2014,MG,51136,RIO PIRACICABA,238,AÉCIO NEVES,2925
18174,2014,MG,47813,MADRE DE DEUS DE MINAS,14,AÉCIO NEVES,1531
18180,2014,MG,47996,MARIANA,171,AÉCIO NEVES,9455
18181,2014,MG,40134,ÁGUA COMPRIDA,347,AÉCIO NEVES,551
18182,2014,MG,42137,CAMBUQUIRA,60,AÉCIO NEVES,4577
18183,2014,MG,43338,COIMBRA,282,AÉCIO NEVES,1562
18184,2014,MG,45950,IBIRITÉ,288,AÉCIO NEVES,11176
18185,2014,MG,41238,BELO HORIZONTE,38,AÉCIO NEVES,40014
18186,2014,MG,45977,IBITIÚRA DE MINAS,13,AÉCIO NEVES,1469
18187,2014,MG,49751,PEDRA DO ANTA,268,AÉCIO NEVES,593
18188,2014,MG,42595,CARAÍ,196,AÉCIO NEVES,1706
18194,2014,MG,42021,DELTA,276,AÉCIO NEVES,991
18195,2014,MG,46116,INCONFIDENTES,199,AÉCIO NEVES,2347
18202,2014,MG,47392,LADAINHA,270,AÉCIO NEVES,2402
18203,2014,MG,40908,VARGEM ALEGRE,72,AÉCIO NEVES,1118
18204,2014,MG,45497,GONZAGA,283,AÉCIO NEVES,1320
18205,2014,MG,40797,ARAXÁ,17,AÉCIO NEVES,25334
18207,2014,MG,40592,ANTÔNIO DIAS,97,AÉCIO NEVES,1633
18227,2014,MG,53813,TOLEDO,112,AÉCIO NEVES,2826
18236,2014,MG,48275,MEDINA,175,AÉCIO NEVES,2642
18239,2014,MG,41408,PONTO CHIQUE,50,AÉCIO NEVES,493
18250,2014,MG,53856,TRÊS CORAÇÕES,272,AÉCIO NEVES,21883
18251,2014,MG,46957,JACUÍ,145,AÉCIO NEVES,2775
18252,2014,MG,44237,DELFINÓPOLIS,78,AÉCIO NEVES,2401
18253,2014,MG,45470,GONÇALVES,205,AÉCIO NEVES,2126
18254,2014,MG,44350,DIONÍSIO,251,AÉCIO NEVES,1085
18255,2014,MG,42838,CARMO DO CAJURU,287,AÉCIO NEVES,5640
18256,2014,MG,53910,TUPACIGUARA,274,AÉCIO NEVES,3924
18271,2014,MG,53511,SIMONÉSIA,167,AÉCIO NEVES,3467
18272,2014,MG,41238,BELO HORIZONTE,28,AÉCIO NEVES,38838
18289,2014,MG,51918,SANTA RITA DO SAPUCAÍ,248,AÉCIO NEVES,17090
18292,2014,MG,50237,PIRAPORA,218,AÉCIO NEVES,9703
18293,2014,MG,52698,SÃO JOSÉ DO JACURI,212,AÉCIO NEVES,1073
18314,2014,MG,41254,BELO ORIENTE,3,AÉCIO NEVES,2626
18315,2014,MG,46019,IGARAPÉ,41,AÉCIO NEVES,7070
18316,2014,MG,40231,AIURUOCA,6,AÉCIO NEVES,1702
18334,2014,MG,40100,CATUJI,196,AÉCIO NEVES,1538
18335,2014,MG,40606,RIACHINHO,329,AÉCIO NEVES,864
18336,2014,MG,44598,DORES DE CAMPOS,228,AÉCIO NEVES,2630
18337,2014,MG,51055,RIO MANSO,47,AÉCIO NEVES,1331
18338,2014,MG,46299,IPUIÚNA,345,AÉCIO NEVES,2860
18503,2014,MG,50032,PIEDADE DE PONTE NOVA,339,AÉCIO NEVES,916
18509,2014,MG,40479,ALVORADA DE MINAS,262,AÉCIO NEVES,716
18510,2014,MG,54437,VOLTA GRANDE,7,AÉCIO NEVES,759
18511,2014,MG,53392,SERRANOS,6,AÉCIO NEVES,627
19820,2014,MG,47295,JORDÂNIA,144,AÉCIO NEVES,1322
19830,2014,MG,42897,CARMÓPOLIS DE MINAS,197,AÉCIO NEVES,4556
19833,2014,MG,44997,EWBANK DA CÂMARA,250,AÉCIO NEVES,550
19834,2014,MG,42455,CAPELINHA,67,AÉCIO NEVES,6712
19836,2014,MG,41963,CRISÓLITA,4,AÉCIO NEVES,816
19837,2014,MG,41688,ANGELÂNDIA,67,AÉCIO NEVES,1244
19838,2014,MG,47074,JECEABA,106,AÉCIO NEVES,1901
19839,2014,MG,47236,JOÃO MONLEVADE,150,AÉCIO NEVES,16702
19845,2014,MG,45853,IAPU,128,AÉCIO NEVES,1630
19849,2014,MG,48658,MONTES CLAROS,317,AÉCIO NEVES,15139
19850,2014,MG,49417,PARÁ DE MINAS,202,AÉCIO NEVES,19721
19859,2014,MG,51616,SANTA MARIA DO SALTO,144,AÉCIO NEVES,914
19860,2014,MG,51152,RIO POMBA,239,AÉCIO NEVES,3057
19861,2014,MG,54356,VIRGÍNIA,137,AÉCIO NEVES,3139
19863,2014,MG,40770,ARAÚJOS,298,AÉCIO NEVES,3166
19868,2014,MG,46817,ITUETA,233,AÉCIO NEVES,1388
19869,2014,MG,41238,BELO HORIZONTE,35,AÉCIO NEVES,51703
19872,2014,MG,50717,PRUDENTE DE MORAIS,174,AÉCIO NEVES,2806
19873,2014,MG,47872,MANHUAÇU,167,AÉCIO NEVES,12739
19874,2014,MG,41548,SÃO DOMINGOS DAS DORES,128,AÉCIO NEVES,1422
19880,2014,MG,48593,MONTE BELO,307,AÉCIO NEVES,3520
19881,2014,MG,45870,IBERTIOGA,24,AÉCIO NEVES,940
19882,2014,MG,41483,SANTA CRUZ DE SALINAS,244,AÉCIO NEVES,400
19883,2014,MG,43397,COMERCINHO,175,AÉCIO NEVES,783
19889,2014,MG,45152,FERNANDES TOURINHO,267,AÉCIO NEVES,779
19890,2014,MG,41947,CÓRREGO FUNDO,114,AÉCIO NEVES,1826
19891,2014,MG,42390,CANDEIAS,296,AÉCIO NEVES,3498
19892,2014,MG,47317,NOVA UNIÃO,56,AÉCIO NEVES,1406
19893,2014,MG,40819,ARCEBURGO,182,AÉCIO NEVES,3295
19899,2014,MG,41920,CONFINS,215,AÉCIO NEVES,2671
19902,2014,MG,41297,BERILO,177,AÉCIO NEVES,1428
19903,2014,MG,48518,MONSENHOR PAULO,61,AÉCIO NEVES,2378
19904,2014,MG,48658,MONTES CLAROS,185,AÉCIO NEVES,17867
19905,2014,MG,48070,MARMELÓPOLIS,134,AÉCIO NEVES,910
19906,2014,MG,47090,JEQUERI,339,AÉCIO NEVES,1815
19907,2014,MG,40118,ÁGUA BOA,67,AÉCIO NEVES,1875
19908,2014,MG,45179,FERROS,113,AÉCIO NEVES,1760
19915,2014,MG,42544,VEREDINHA,336,AÉCIO NEVES,976
19916,2014,MG,43095,CAXAMBU,80,AÉCIO NEVES,4845
19917,2014,MG,41238,BELO HORIZONTE,34,AÉCIO NEVES,60459
19918,2014,MG,50113,PIRACEMA,208,AÉCIO NEVES,1472
19919,2014,MG,40053,ABRE CAMPO,2,AÉCIO NEVES,2556
19920,2014,MG,51373,SACRAMENTO,243,AÉCIO NEVES,6452
19921,2014,MG,49239,OURO VERDE DE MINAS,270,AÉCIO NEVES,1306
19926,2014,MG,49611,PATROCÍNIO,211,AÉCIO NEVES,17710
19927,2014,MG,43532,CONCEIÇÃO DO RIO VERDE,84,AÉCIO NEVES,3784
19928,2014,MG,49190,OURO FINO,199,AÉCIO NEVES,10935
19929,2014,MG,53597,TAIOBEIRAS,266,AÉCIO NEVES,9116
19930,2014,MG,43672,CONSELHEIRO PENA,89,AÉCIO NEVES,4119
19931,2014,MG,49018,NOVA RESENDE,195,AÉCIO NEVES,4433
19932,2014,MG,48615,MONTE CARMELO,181,AÉCIO NEVES,6981
19933,2014,MG,41670,BOTELHOS,49,AÉCIO NEVES,3413
19934,2014,MG,54410,VISCONDE DO RIO BRANCO,284,AÉCIO NEVES,7369
19937,2014,MG,44652,DORES DO TURVO,261,AÉCIO NEVES,1319
19938,2014,MG,44075,CRISTIANO OTONI,88,AÉCIO NEVES,1191
19942,2014,MG,51357,SABINÓPOLIS,242,AÉCIO NEVES,2383
19943,2014,MG,49913,PEQUI,202,AÉCIO NEVES,1072
19944,2014,MG,42676,CARATINGA,72,AÉCIO NEVES,6796
19945,2014,MG,40690,ARAGUARI,16,AÉCIO NEVES,19362
19946,2014,MG,51659,SANTANA DA VARGEM,273,AÉCIO NEVES,2208
19947,2014,MG,51195,RIO VERMELHO,294,AÉCIO NEVES,2045
19958,2014,MG,44296,DESTERRO DO MELO,25,AÉCIO NEVES,1174
19959,2014,MG,42145,GOIABEIRA,89,AÉCIO NEVES,906
19960,2014,MG,45314,FRANCISCO DUMONT,44,AÉCIO NEVES,649
19961,2014,MG,42269,JAPONVAR,50,AÉCIO NEVES,583
19962,2014,MG,44733,ENGENHEIRO CALDAS,267,AÉCIO NEVES,2210
19963,2014,MG,45772,GUIMARÂNIA,211,AÉCIO NEVES,1936
19968,2014,MG,44938,ESTRELA DO INDAIÁ,104,AÉCIO NEVES,1388
19969,2014,MG,46310,IRAÍ DE MINAS,181,AÉCIO NEVES,1383
19970,2014,MG,54135,VARGINHA,281,AÉCIO NEVES,36378
19971,2014,MG,41246,ORIZÂNIA,70,AÉCIO NEVES,787
19974,2014,MG,46477,ITAJUBÁ,134,AÉCIO NEVES,25906
20015,2014,MG,51551,SANTA LUZIA,312,AÉCIO NEVES,30985
20024,2014,MG,52590,SÃO JOSÉ DA SAFIRA,247,AÉCIO NEVES,988
20051,2014,MG,53430,SETE LAGOAS,264,AÉCIO NEVES,13724
20052,2014,MG,40860,UBAPORANGA,71,AÉCIO NEVES,3021
20065,2014,MG,41734,BRÁS PIRES,261,AÉCIO NEVES,1381
23249,2014,MG,49271,PAINEIRAS,1,DILMA,1517
23307,2014,MG,46590,ITAMONTE,306,DILMA,2057
23308,2014,MG,52370,SÃO GONÇALO DO RIO ABAIXO,245,DILMA,2538
23309,2014,MG,50490,POUSO ALEGRE,227,DILMA,22198
23322,2014,MG,48330,MESQUITA,176,DILMA,1778
23323,2014,MG,44237,DELFINÓPOLIS,78,DILMA,1569
23330,2014,MG,41238,BELO HORIZONTE,29,DILMA,18699
23336,2014,MG,51314,RUBIM,9,DILMA,2386
23346,2014,MG,49018,NOVA RESENDE,195,DILMA,4448
23347,2014,MG,50717,PRUDENTE DE MORAIS,174,DILMA,2261
23348,2014,MG,49158,ONÇA DE PITANGUI,202,DILMA,718
24503,2014,MG,51853,SANTA RITA DE JACUTINGA,240,AÉCIO NEVES,1478
24504,2014,MG,44695,DOURADOQUARA,181,AÉCIO NEVES,607
24516,2014,MG,45730,GUAXUPÉ,125,AÉCIO NEVES,10870
24522,2014,MG,46639,ITANHOMI,138,AÉCIO NEVES,2522
24525,2014,MG,42790,CARMO DA MATA,74,AÉCIO NEVES,3686
24541,2014,MG,53473,SILVIANÓPOLIS,265,AÉCIO NEVES,2125
24546,2014,MG,43770,CORDISBURGO,206,AÉCIO NEVES,2209
24547,2014,MG,40754,ARAPUÁ,236,AÉCIO NEVES,1191
24548,2014,MG,49816,PEDRALVA,214,AÉCIO NEVES,4309
24549,2014,MG,54275,VIÇOSA,282,AÉCIO NEVES,11721
24554,2014,MG,41939,CACHOEIRA DE MINAS,300,AÉCIO NEVES,4238
24555,2014,MG,51632,SANTA MARIA DO SUAÇUÍ,247,AÉCIO NEVES,2256
24556,2014,MG,42870,CARMO DO RIO CLARO,77,AÉCIO NEVES,5327
24562,2014,MG,47970,MARIA DA FÉ,99,AÉCIO NEVES,5083
24567,2014,MG,44512,DOM JOAQUIM,83,AÉCIO NEVES,938
24568,2014,MG,45632,GUARACIABA,225,AÉCIO NEVES,1915
24569,2014,MG,45519,GOUVEIA,101,AÉCIO NEVES,1940
24571,2014,MG,44334,DIOGO DE VASCONCELOS,171,AÉCIO NEVES,662
24572,2014,MG,40584,PONTO DOS VOLANTES,15,AÉCIO NEVES,1754
24573,2014,MG,49590,PATOS DE MINAS,210,AÉCIO NEVES,17274
24574,2014,MG,46256,IPATINGA,130,AÉCIO NEVES,14168
24575,2014,MG,49352,FRONTEIRA DOS VALES,4,AÉCIO NEVES,628
24577,2014,MG,51870,SANTA RITA DE IBITIPOCA,24,AÉCIO NEVES,642
24578,2014,MG,49697,PAVÃO,270,AÉCIO NEVES,1707
24579,2014,MG,47791,MACHADO,164,AÉCIO NEVES,12441
24580,2014,MG,43850,COROMANDEL,96,AÉCIO NEVES,6098
24581,2014,MG,42552,CAPITÓLIO,220,AÉCIO NEVES,2285
24582,2014,MG,42056,CALDAS,57,AÉCIO NEVES,4212
24584,2014,MG,52175,SÃO BRÁS DO SUAÇUÍ,106,AÉCIO NEVES,1040
24586,2014,MG,54178,VARZELÂNDIA,255,AÉCIO NEVES,2057
24588,2014,MG,51497,SANTA EFIGÊNIA DE MINAS,283,AÉCIO NEVES,586
24589,2014,MG,54372,VIRGINÓPOLIS,283,AÉCIO NEVES,2127
24590,2014,MG,52272,SÃO FRANCISCO DO GLÓRIA,69,AÉCIO NEVES,722
24599,2014,MG,41092,BARÃO DE MONTE ALTO,201,AÉCIO NEVES,878
24606,2014,MG,47252,JOÃO PINHEIRO,151,AÉCIO NEVES,7698
24607,2014,MG,47333,JUIZ DE FORA,152,AÉCIO NEVES,17813
24608,2014,MG,42323,JOSÉ RAYDAN,247,AÉCIO NEVES,770
24609,2014,MG,41335,BETIM,40,AÉCIO NEVES,54
24610,2014,MG,51233,ROCHEDO DE MINAS,258,AÉCIO NEVES,666
24615,2014,MG,46035,IGARATINGA,202,AÉCIO NEVES,1603
24617,2014,MG,53619,TAPIRA,17,AÉCIO NEVES,1706
24618,2014,MG,49930,PERDIGÃO,298,AÉCIO NEVES,3843
24619,2014,MG,41424,REDUTO,167,AÉCIO NEVES,1156
24621,2014,MG,44954,ESTRELA DO SUL,110,AÉCIO NEVES,956
24622,2014,MG,41459,BOCAIÚVA,44,AÉCIO NEVES,5229
24623,2014,MG,45454,GALILÉIA,117,AÉCIO NEVES,1343
24624,2014,MG,54119,VARGEM BONITA,323,AÉCIO NEVES,956
24625,2014,MG,43354,COLUNA,257,AÉCIO NEVES,1158
24630,2014,MG,45691,GUARARÁ,42,AÉCIO NEVES,834
24631,2014,MG,41114,BARBACENA,23,AÉCIO NEVES,21910
24657,2014,MG,48950,NOVA LIMA,194,AÉCIO NEVES,22002
24658,2014,MG,47732,LUMINÁRIAS,160,AÉCIO NEVES,2016
24669,2014,MG,43079,CATAS ALTAS DA NORUEGA,88,AÉCIO NEVES,813
24678,2014,MG,44873,ESPÍRITO SANTO DO DOURADO,265,AÉCIO NEVES,2357
24679,2014,MG,40045,BRASILÂNDIA DE MINAS,151,AÉCIO NEVES,1609
24692,2014,MG,45934,IBIRACI,127,AÉCIO NEVES,4038
24704,2014,MG,54232,VERÍSSIMO,277,AÉCIO NEVES,832
24705,2014,MG,42633,CARANDAÍ,68,AÉCIO NEVES,5061
24706,2014,MG,53678,TARUMIRIM,267,AÉCIO NEVES,3350
24707,2014,MG,40339,ALMENARA,9,AÉCIO NEVES,3592
24708,2014,MG,41068,MIRAVÂNIA,166,AÉCIO NEVES,400
24709,2014,MG,48810,MUZAMBINHO,189,AÉCIO NEVES,5240
24738,2014,MG,53333,SERRA DOS AIMORÉS,190,AÉCIO NEVES,1001
24739,2014,MG,53651,TAQUARAÇU DE MINAS,56,AÉCIO NEVES,1759
24740,2014,MG,42331,CANAÃ,282,AÉCIO NEVES,976
24741,2014,MG,42560,VERMELHO NOVO,231,AÉCIO NEVES,1206
24742,2014,MG,52876,SÃO SEBASTIÃO DA BELA VISTA,248,AÉCIO NEVES,1391
26300,2014,MG,47198,JOAÍMA,149,AÉCIO NEVES,1471
26306,2014,MG,53031,SÃO THOMÉ DAS LETRAS,272,AÉCIO NEVES,1452
26307,2014,MG,52817,SÃO PEDRO DO SUAÇUÍ,212,AÉCIO NEVES,1209
26308,2014,MG,41890,CABO VERDE,55,AÉCIO NEVES,2811
26309,2014,MG,53635,TAPIRAÍ,21,AÉCIO NEVES,522
26310,2014,MG,42951,CARVALHOS,6,AÉCIO NEVES,1298
26314,2014,MG,41416,BOA ESPERANÇA,43,AÉCIO NEVES,11642
26315,2014,MG,43478,CONCEIÇÃO DE IPANEMA,129,AÉCIO NEVES,669
26316,2014,MG,42161,GOIANÁ,235,AÉCIO NEVES,949
26319,2014,MG,46175,INHAPIM,128,AÉCIO NEVES,4368
26320,2014,MG,40851,AREADO,19,AÉCIO NEVES,5358
26329,2014,MG,41572,BOM REPOUSO,59,AÉCIO NEVES,3194
26333,2014,MG,40614,ANTÔNIO PRADO DE MINAS,111,AÉCIO NEVES,608
26335,2014,MG,52418,SÃO GOTARDO,254,AÉCIO NEVES,8172
26336,2014,MG,41742,BONITO DE MINAS,148,AÉCIO NEVES,489
26343,2014,MG,46973,JACUTINGA,146,AÉCIO NEVES,9205
26348,2014,MG,44750,ENGENHEIRO NAVARRO,44,AÉCIO NEVES,608
26349,2014,MG,41858,BURITIS,324,AÉCIO NEVES,4965
27046,2014,MG,52477,SÃO JOÃO DA PONTE,255,AÉCIO NEVES,1586
27048,2014,MG,47830,MALACACHETA,165,AÉCIO NEVES,2681
27049,2014,MG,48550,MONTE ALEGRE DE MINAS,179,AÉCIO NEVES,3046
27050,2014,MG,42439,CAPELA NOVA,68,AÉCIO NEVES,1282
27051,2014,MG,40371,ALPINÓPOLIS,10,AÉCIO NEVES,3605
27054,2014,MG,49590,PATOS DE MINAS,330,AÉCIO NEVES,14560
27055,2014,MG,52795,SÃO PEDRO DOS FERROS,234,AÉCIO NEVES,1428
27056,2014,MG,40444,MATIAS CARDOSO,166,AÉCIO NEVES,616
27059,2014,MG,47112,JEQUITAÍ,218,AÉCIO NEVES,533
27060,2014,MG,47139,JEQUITIBÁ,264,AÉCIO NEVES,1945
27061,2014,MG,49050,NOVO CRUZEIRO,196,AÉCIO NEVES,3561
27063,2014,MG,40037,ABAETÉ,1,AÉCIO NEVES,7671
27064,2014,MG,40533,CACHOEIRA DE PAJEÚ,213,AÉCIO NEVES,1173
27065,2014,MG,42382,SERRANÓPOLIS DE MINAS,226,AÉCIO NEVES,515
27066,2014,MG,46612,ITANHANDU,137,AÉCIO NEVES,5244
27068,2014,MG,40550,ANDRELÂNDIA,14,AÉCIO NEVES,2689
27069,2014,MG,54313,MATHIAS LOBATO,119,AÉCIO NEVES,547
27070,2014,MG,43150,CENTRALINA,66,AÉCIO NEVES,1144
27073,2014,MG,52019,SANTO ANTÔNIO DO GRAMA,234,AÉCIO NEVES,1266
27074,2014,MG,42080,FRUTA DE LEITE,244,AÉCIO NEVES,595
27079,2014,MG,40924,JOSENÓPOLIS,120,AÉCIO NEVES,448
27081,2014,MG,46051,IGUATAMA,304,AÉCIO NEVES,2502
27082,2014,MG,46370,ITABIRITO,133,AÉCIO NEVES,14629
27083,2014,MG,43591,CONGONHAS,85,AÉCIO NEVES,10473
27087,2014,MG,40452,ALVINÓPOLIS,12,AÉCIO NEVES,2456
27088,2014,MG,53090,SARDOÁ,283,AÉCIO NEVES,988
27089,2014,MG,40517,ANDRADAS,13,AÉCIO NEVES,13861
27090,2014,MG,41327,PEDRA BONITA,2,AÉCIO NEVES,1518
27095,2014,MG,41319,BERTÓPOLIS,4,AÉCIO NEVES,799
27096,2014,MG,42676,CARATINGA,71,AÉCIO NEVES,8195
27122,2014,MG,40720,SÃO JOÃO DO MANHUAÇU,167,AÉCIO NEVES,1413
27133,2014,MG,46914,JABOTICATUBAS,143,AÉCIO NEVES,4578
27154,2014,MG,48054,MARLIÉRIA,98,AÉCIO NEVES,914
27155,2014,MG,50350,POÇOS DE CALDAS,350,AÉCIO NEVES,20362
27156,2014,MG,46574,ITAMOGI,301,AÉCIO NEVES,3022
27160,2014,MG,47554,LAMBARI,159,AÉCIO NEVES,5833
27175,2014,MG,44199,DATAS,101,AÉCIO NEVES,1023
27177,2014,MG,51578,SANTA MARGARIDA,2,AÉCIO NEVES,2582
27189,2014,MG,42528,VERDELÂNDIA,147,AÉCIO NEVES,587
27190,2014,MG,44458,DIVINÓPOLIS,103,AÉCIO NEVES,15153
27191,2014,MG,48798,MUTUM,188,AÉCIO NEVES,4128
27192,2014,MG,50296,PIUMHI,220,AÉCIO NEVES,9411
27202,2014,MG,42579,CAPUTIRA,2,AÉCIO NEVES,1164
27211,2014,MG,52256,SÃO FRANCISCO DE SALES,297,AÉCIO NEVES,731
27212,2014,MG,44172,CURVELO,100,AÉCIO NEVES,16223
27213,2014,MG,50857,RESPLENDOR,233,AÉCIO NEVES,3468
27214,2014,MG,40398,ALTEROSA,19,AÉCIO NEVES,3917
28369,2014,MG,40266,IPABA,348,AÉCIO NEVES,1624
28370,2014,MG,50318,PLANURA,116,AÉCIO NEVES,1424
28371,2014,MG,41238,BELO HORIZONTE,31,AÉCIO NEVES,46370
28377,2014,MG,44091,CRISTINA,99,AÉCIO NEVES,3933
28378,2014,MG,52639,SÃO JOSÉ DO ALEGRE,214,AÉCIO NEVES,1683
28382,2014,MG,42072,CAMACHO,139,AÉCIO NEVES,1207
28383,2014,MG,51594,SANTA MARIA DE ITABIRA,132,AÉCIO NEVES,2092
28385,2014,MG,53970,UBÁ,275,AÉCIO NEVES,17811
28392,2014,MG,52930,SÃO SEBASTIÃO DO PARAÍSO,260,AÉCIO NEVES,16105
28403,2014,MG,48038,MARIPÁ DE MINAS,42,AÉCIO NEVES,731
28404,2014,MG,47775,MACHACALIS,4,AÉCIO NEVES,1294
28405,2014,MG,40665,SANTA RITA DE MINAS,71,AÉCIO NEVES,1491
28407,2014,MG,40789,SÃO JOSÉ DA LAPA,311,AÉCIO NEVES,5405
28408,2014,MG,42854,CARMO DO PARANAÍBA,76,AÉCIO NEVES,7258
28412,2014,MG,41700,ARICANDUVA,135,AÉCIO NEVES,778
28415,2014,MG,53015,SÃO TOMÁS DE AQUINO,260,AÉCIO NEVES,2202
28421,2014,MG,51772,SANTANA DO MANHUAÇU,167,AÉCIO NEVES,1072
28422,2014,MG,50598,PRATINHA,126,AÉCIO NEVES,995
28423,2014,MG,43796,CORDISLÂNDIA,253,AÉCIO NEVES,1201
28424,2014,MG,53317,SERRA DA SAUDADE,104,AÉCIO NEVES,494
28425,2014,MG,51330,SABARÁ,241,AÉCIO NEVES,29435
28431,2014,MG,54194,VAZANTE,295,AÉCIO NEVES,2272
28432,2014,MG,43699,CONSOLAÇÃO,205,AÉCIO NEVES,770
28433,2014,MG,41815,BUENO BRANDÃO,53,AÉCIO NEVES,4300
28434,2014,MG,43117,CEDRO DO ABAETÉ,1,AÉCIO NEVES,627
28436,2014,MG,41335,BETIM,316,AÉCIO NEVES,21234
28437,2014,MG,49093,OLÍMPIO NORONHA,159,AÉCIO NEVES,876
28440,2014,MG,44156,CRUZÍLIA,346,AÉCIO NEVES,3598
28441,2014,MG,47678,LEOPOLDINA,161,AÉCIO NEVES,6798
28445,2014,MG,41394,BIQUINHAS,186,AÉCIO NEVES,884
28446,2014,MG,52736,SÃO LOURENÇO,259,AÉCIO NEVES,14055
28447,2014,MG,44318,DIAMANTINA,101,AÉCIO NEVES,8297
28448,2014,MG,41130,BARRA LONGA,225,AÉCIO NEVES,1272
28449,2014,MG,41238,BELO HORIZONTE,27,AÉCIO NEVES,36266
28450,2014,MG,42617,CARANAÍBA,68,AÉCIO NEVES,909
28451,2014,MG,52116,SANTO HIPÓLITO,95,AÉCIO NEVES,733
28455,2014,MG,41491,BOM JARDIM DE MINAS,14,AÉCIO NEVES,1289
28456,2014,MG,43311,CLÁUDIO,81,AÉCIO NEVES,12467
28457,2014,MG,45233,FORMOSO,324,AÉCIO NEVES,1622
28458,2014,MG,45551,GRÃO MOGOL,120,AÉCIO NEVES,1957
28463,2014,MG,43273,CLARAVAL,127,AÉCIO NEVES,2597
28467,2014,MG,44776,ENTRE RIOS DE MINAS,106,AÉCIO NEVES,4417
28468,2014,MG,41335,BETIM,319,AÉCIO NEVES,18582
28469,2014,MG,48011,MARILAC,318,AÉCIO NEVES,943
28470,2014,MG,45993,IBITURUNA,46,AÉCIO NEVES,1039
28471,2014,MG,49719,PEÇANHA,212,AÉCIO NEVES,2035
28472,2014,MG,45616,GUAPÉ,122,AÉCIO NEVES,3623
28477,2014,MG,41270,BELO VALE,338,AÉCIO NEVES,2428
28478,2014,MG,47538,LAJINHA,158,AÉCIO NEVES,3284
28479,2014,MG,48739,MORRO DO PILAR,83,AÉCIO NEVES,1146
28480,2014,MG,41599,BOM SUCESSO,46,AÉCIO NEVES,5448
28482,2014,MG,40193,ÁGUAS VERMELHAS,213,AÉCIO NEVES,1627
28483,2014,MG,44970,EUGENÓPOLIS,111,AÉCIO NEVES,1569
28484,2014,MG,43737,COQUEIRAL,43,AÉCIO NEVES,2922
28485,2014,MG,46337,ITABIRA,132,AÉCIO NEVES,28417
28486,2014,MG,49956,PERDIZES,291,AÉCIO NEVES,4668
28487,2014,MG,41840,CATAS ALTAS,245,AÉCIO NEVES,1534
28488,2014,MG,41149,NOVA BELÉM,169,AÉCIO NEVES,862
28494,2014,MG,46850,ITUMIRIM,343,AÉCIO NEVES,2430
28552,2014,MG,46515,ITAMARATI DE MINAS,79,AÉCIO NEVES,662
28553,2014,MG,46558,ITAMBÉ DO MATO DENTRO,132,AÉCIO NEVES,583
28554,2014,MG,52493,SÃO JOÃO DEL REI,328,AÉCIO NEVES,16963
28555,2014,MG,50679,PRESIDENTE OLEGÁRIO,230,AÉCIO NEVES,2944
28556,2014,MG,44113,CRUCILÂNDIA,47,AÉCIO NEVES,1954
28577,2014,MG,41238,BELO HORIZONTE,36,AÉCIO NEVES,32175
28578,2014,MG,46191,INHAÚMA,322,AÉCIO NEVES,1571
28587,2014,MG,51039,RIO ESPERA,88,AÉCIO NEVES,1632
28588,2014,MG,53430,SETE LAGOAS,263,AÉCIO NEVES,20348
28589,2014,MG,40762,SÃO JOÃO DO PACUÍ,94,AÉCIO NEVES,335
28590,2014,MG,40185,ENTRE FOLHAS,72,AÉCIO NEVES,1030
28597,2014,MG,54038,UBERLÂNDIA,279,AÉCIO NEVES,28963
28601,2014,MG,42404,SETUBINHA,165,AÉCIO NEVES,993
28602,2014,MG,43192,CHALÉ,158,AÉCIO NEVES,732
28603,2014,MG,42501,VARJÃO DE MINAS,210,AÉCIO NEVES,1441
28604,2014,MG,46159,INGAÍ,343,AÉCIO NEVES,1236
28617,2014,MG,51071,RIO NOVO,235,AÉCIO NEVES,2400
28618,2014,MG,53716,TEÓFILO OTONI,269,AÉCIO NEVES,25348
28619,2014,MG,47333,JUIZ DE FORA,315,AÉCIO NEVES,9966
28775,2014,MG,48453,MOEDA,338,AÉCIO NEVES,1827
28776,2014,MG,50970,RIO CASCA,234,AÉCIO NEVES,2671
28777,2014,MG,54011,UBERABA,347,AÉCIO NEVES,12632
28778,2014,MG,49654,PAULA CÂNDIDO,282,AÉCIO NEVES,1270
28790,2014,MG,49514,PASSA QUATRO,207,AÉCIO NEVES,4789
28792,2014,MG,49077,OLARIA,162,AÉCIO NEVES,462
28801,2014,MG,46590,ITAMONTE,306,AÉCIO NEVES,4993
28802,2014,MG,51730,SANTANA DO GARAMBÉU,25,AÉCIO NEVES,820
28803,2014,MG,41238,BELO HORIZONTE,37,AÉCIO NEVES,35169
28804,2014,MG,48178,MATIPÓ,2,AÉCIO NEVES,2713
28817,2014,MG,44610,DORES DE GUANHÃES,121,AÉCIO NEVES,694
28858,2014,MG,41602,SÃO JOÃO DAS MISSÕES,166,AÉCIO NEVES,798
28872,2014,MG,50954,RIO ACIMA,194,AÉCIO NEVES,2413
28873,2014,MG,46710,ITAPEVA,58,AÉCIO NEVES,2789
28874,2014,MG,47635,LAVRAS,160,AÉCIO NEVES,24766
28875,2014,MG,51012,RIO DO PRADO,9,AÉCIO NEVES,618
28886,2014,MG,47333,JUIZ DE FORA,152,AÉCIO NEVES,326
28887,2014,MG,48232,MATUTINA,254,AÉCIO NEVES,1102
28895,2014,MG,40355,ALPERCATA,119,AÉCIO NEVES,1092
28901,2014,MG,51390,SALINAS,244,AÉCIO NEVES,6631
28902,2014,MG,48712,MORRO DA GARÇA,100,AÉCIO NEVES,548
28903,2014,MG,49255,PADRE PARAÍSO,15,AÉCIO NEVES,1737
28921,2014,MG,53830,TOMBOS,271,AÉCIO NEVES,1740
28922,2014,MG,43893,CORONEL MURTA,15,AÉCIO NEVES,1212
28923,2014,MG,54399,VIRGOLÂNDIA,212,AÉCIO NEVES,642
28931,2014,MG,40142,DIVISÓPOLIS,9,AÉCIO NEVES,1136
28938,2014,MG,47015,JANAÚBA,147,AÉCIO NEVES,7512
28939,2014,MG,53155,SENADOR JOSÉ BENTO,227,AÉCIO NEVES,775
28941,2014,MG,42536,CAPITÃO ENÉAS,115,AÉCIO NEVES,2175
28945,2014,MG,41904,CÔNEGO MARINHO,148,AÉCIO NEVES,547
28946,2014,MG,42692,CARBONITA,135,AÉCIO NEVES,2013
28951,2014,MG,43435,CONCEIÇÃO DAS PEDRAS,191,AÉCIO NEVES,982
28952,2014,MG,41238,BELO HORIZONTE,26,AÉCIO NEVES,45198
28958,2014,MG,43630,CONQUISTA,86,AÉCIO NEVES,1801
28967,2014,MG,53430,SETE LAGOAS,322,AÉCIO NEVES,16877
28977,2014,MG,47716,LIMA DUARTE,162,AÉCIO NEVES,2735
28981,2014,MG,54038,UBERLÂNDIA,314,AÉCIO NEVES,20499
28982,2014,MG,50210,PIRAPETINGA,292,AÉCIO NEVES,1814
28983,2014,MG,52655,SÃO JOSÉ DO DIVINO,136,AÉCIO NEVES,1105
28987,2014,MG,43958,CÓRREGO DANTA,163,AÉCIO NEVES,954
28988,2014,MG,44890,ESTIVA,227,AÉCIO NEVES,3632
28995,2014,MG,47430,LAGOA DA PRATA,156,AÉCIO NEVES,14056
28996,2014,MG,48879,NATÉRCIA,191,AÉCIO NEVES,2187
29383,2014,MG,41360,PINGO D'ÁGUA,72,DILMA,1692
29384,2014,MG,48690,MORADA NOVA DE MINAS,186,DILMA,2554
29385,2014,MG,47511,LAGOA SANTA,157,DILMA,6946
29395,2014,MG,53651,TAQUARAÇU DE MINAS,56,DILMA,1119
29398,2014,MG,54038,UBERLÂNDIA,335,DILMA,24012
29409,2014,MG,48992,NOVA PONTE,340,DILMA,3646
29425,2014,MG,43591,CONGONHAS,85,DILMA,11562
29432,2014,MG,42536,CAPITÃO ENÉAS,115,DILMA,5481
29433,2014,MG,43435,CONCEIÇÃO DAS PEDRAS,191,DILMA,890
29441,2014,MG,49379,PAPAGAIOS,219,DILMA,4539
32305,2014,MG,45950,IBIRITÉ,351,AÉCIO NEVES,14342
32306,2014,MG,51896,SANTA RITA DO ITUETO,233,AÉCIO NEVES,1297
32307,2014,MG,42978,CASA GRANDE,88,AÉCIO NEVES,785
32308,2014,MG,44474,DIVISA NOVA,55,AÉCIO NEVES,1660
32309,2014,MG,45292,FRANCISCO BADARÓ,177,AÉCIO NEVES,1834
32310,2014,MG,41831,BUENÓPOLIS,54,AÉCIO NEVES,1686
32315,2014,MG,48437,MIRAÍ,178,AÉCIO NEVES,1985
32316,2014,MG,40258,ALAGOA,306,AÉCIO NEVES,1388
32321,2014,MG,40894,ARINOS,320,AÉCIO NEVES,2269
32325,2014,MG,41351,BIAS FORTES,24,AÉCIO NEVES,831
32326,2014,MG,40380,LONTRA,255,AÉCIO NEVES,684
32329,2014,MG,44539,DOM SILVÉRIO,12,AÉCIO NEVES,1234
32330,2014,MG,48399,MIRABELA,185,AÉCIO NEVES,1191
32332,2014,MG,52450,SÃO JOÃO DA MATA,265,AÉCIO NEVES,1221
32333,2014,MG,51411,SALTO DA DIVISA,144,AÉCIO NEVES,1068
32340,2014,MG,41777,BRAZÓPOLIS,51,AÉCIO NEVES,5482
32344,2014,MG,40622,ROSÁRIO DA LIMEIRA,187,AÉCIO NEVES,809
33359,2014,MG,51098,RIO PARANAÍBA,236,DILMA,3312
33361,2014,MG,53236,SENHORA DOS REMÉDIOS,25,DILMA,3322
33371,2014,MG,54291,VIEIRAS,290,DILMA,1818
33372,2014,MG,53333,SERRA DOS AIMORÉS,190,DILMA,2229
33373,2014,MG,53430,SETE LAGOAS,263,DILMA,14085
33374,2014,MG,45071,FELÍCIO DOS SANTOS,101,DILMA,1241
33375,2014,MG,50733,QUARTEL GERAL,104,DILMA,1128
33376,2014,MG,41068,MIRAVÂNIA,166,DILMA,1947
33390,2014,MG,46191,INHAÚMA,322,DILMA,1571
33399,2014,MG,52493,SÃO JOÃO DEL REI,256,DILMA,5521
33400,2014,MG,51551,SANTA LUZIA,246,DILMA,13883
33401,2014,MG,47554,LAMBARI,159,DILMA,4633
34901,2014,MG,51276,ROMARIA,181,AÉCIO NEVES,704
34902,2014,MG,48313,MERCÊS,289,AÉCIO NEVES,1810
34912,2014,MG,42757,CARMÉSIA,113,AÉCIO NEVES,710
34917,2014,MG,45039,FAMA,204,AÉCIO NEVES,842
34925,2014,MG,43290,CLARO DOS POÇÕES,184,AÉCIO NEVES,1654
34926,2014,MG,40401,MAMONAS,109,AÉCIO NEVES,557
34933,2014,MG,52078,SANTO ANTÔNIO DO MONTE,249,AÉCIO NEVES,9186
34939,2014,MG,50377,POCRANE,129,AÉCIO NEVES,2018
34940,2014,MG,44270,DESTERRO DE ENTRE RIOS,106,AÉCIO NEVES,2933
34941,2014,MG,52310,SÃO GERALDO DA PIEDADE,283,AÉCIO NEVES,653
34942,2014,MG,40738,ARAPONGA,107,AÉCIO NEVES,864
34943,2014,MG,54216,WENCESLAU BRAZ,134,AÉCIO NEVES,980
34947,2014,MG,46655,ITAOBIM,175,AÉCIO NEVES,4182
34948,2014,MG,46833,ITUIUTABA,141,AÉCIO NEVES,13602
34949,2014,MG,51454,SANTA BÁRBARA DO TUGÚRIO,25,AÉCIO NEVES,820
34950,2014,MG,51691,SANTANA DE PIRAPAMA,264,AÉCIO NEVES,1567
34962,2014,MG,49735,PEDRA AZUL,213,AÉCIO NEVES,3512
34963,2014,MG,44130,CRUZEIRO DA FORTALEZA,211,AÉCIO NEVES,1354
34964,2014,MG,45330,FRANCISCO SÁ,115,AÉCIO NEVES,2043
34965,2014,MG,41432,BOCAINA DE MINAS,6,AÉCIO NEVES,1964
34966,2014,MG,40070,ACAIACA,225,AÉCIO NEVES,654
34971,2014,MG,47473,LAGOA DOURADA,256,AÉCIO NEVES,3814
34972,2014,MG,44490,DOM CAVATI,128,AÉCIO NEVES,1600
34973,2014,MG,46230,IPANEMA,129,AÉCIO NEVES,3688
34974,2014,MG,41238,BELO HORIZONTE,332,AÉCIO NEVES,40341
34975,2014,MG,49670,PAULISTAS,242,AÉCIO NEVES,601
34976,2014,MG,50830,RESENDE COSTA,232,AÉCIO NEVES,3218
34981,2014,MG,47414,LAGAMAR,230,AÉCIO NEVES,1716
34982,2014,MG,47457,LAGOA DOS PATOS,94,AÉCIO NEVES,667
34983,2014,MG,53112,SENADOR CORTES,170,AÉCIO NEVES,638
34984,2014,MG,53457,SILVEIRÂNIA,239,AÉCIO NEVES,595
34988,2014,MG,46671,ITAPAGIPE,297,AÉCIO NEVES,2811
34989,2014,MG,41181,NOVORIZONTE,244,AÉCIO NEVES,915
34990,2014,MG,43656,CONSELHEIRO LAFAIETE,87,AÉCIO NEVES,21762
34991,2014,MG,52990,SÃO TIAGO,256,AÉCIO NEVES,4219
34992,2014,MG,44431,DIVINOLÂNDIA DE MINAS,283,AÉCIO NEVES,1375
34993,2014,MG,53775,TIROS,337,AÉCIO NEVES,2110
34994,2014,MG,42218,CAMPINA VERDE,63,AÉCIO NEVES,5239
34995,2014,MG,53937,TURMALINA,336,AÉCIO NEVES,2517
34998,2014,MG,40029,ARAPORÃ,274,AÉCIO NEVES,1657
34999,2014,MG,41980,CUPARAQUE,89,AÉCIO NEVES,1423
35000,2014,MG,50636,PRESIDENTE JUSCELINO,100,AÉCIO NEVES,723
35001,2014,MG,41653,BORDA DA MATA,48,AÉCIO NEVES,4963
35002,2014,MG,53295,SERRA AZUL DE MINAS,262,AÉCIO NEVES,680
35003,2014,MG,48151,MATIAS BARBOSA,173,AÉCIO NEVES,2363
35007,2014,MG,51934,SANTA ROSA DA SERRA,327,AÉCIO NEVES,691
35008,2014,MG,47171,JESUÂNIA,159,AÉCIO NEVES,1657
35009,2014,MG,51179,RIO PRETO,240,AÉCIO NEVES,1230
35010,2014,MG,42110,CAMBUÍ,59,AÉCIO NEVES,7920
35011,2014,MG,53953,TURVOLÂNDIA,265,AÉCIO NEVES,1312
35014,2014,MG,41076,BARÃO DE COCAIS,22,AÉCIO NEVES,7339
35015,2014,MG,40002,ALFREDO VASCONCELOS,25,AÉCIO NEVES,1019
35016,2014,MG,47619,LASSANCE,310,AÉCIO NEVES,935
35017,2014,MG,47953,MAR DE ESPANHA,170,AÉCIO NEVES,3174
35019,2014,MG,49433,PARAGUAÇU,204,AÉCIO NEVES,6529
35020,2014,MG,40320,JUATUBA,172,AÉCIO NEVES,4707
35023,2014,MG,41386,PINTÓPOLIS,252,AÉCIO NEVES,694
35024,2014,MG,49859,PEDRO LEOPOLDO,215,AÉCIO NEVES,17061
35025,2014,MG,52191,SÃO DOMINGOS DO PRATA,251,AÉCIO NEVES,3419
35026,2014,MG,47694,LIBERDADE,6,AÉCIO NEVES,1177
35027,2014,MG,53350,SERRA DO SALITRE,211,AÉCIO NEVES,2087
35028,2014,MG,43257,CIPOTÂNEA,11,AÉCIO NEVES,1629
35029,2014,MG,41238,BELO HORIZONTE,32,AÉCIO NEVES,45017
35030,2014,MG,51438,SANTA BÁRBARA,245,AÉCIO NEVES,6184
35036,2014,MG,41220,ORATÓRIOS,224,AÉCIO NEVES,771
35037,2014,MG,51977,SANTO ANTÔNIO DO AMPARO,46,AÉCIO NEVES,3341
35038,2014,MG,41335,BETIM,40,AÉCIO NEVES,24685
35039,2014,MG,46078,IJACI,160,AÉCIO NEVES,2205
35040,2014,MG,45250,FORTALEZA DE MINAS,145,AÉCIO NEVES,1143
35041,2014,MG,46434,ITAGUARA,305,AÉCIO NEVES,4059
35043,2014,MG,41050,BANDEIRA DO SUL,62,AÉCIO NEVES,2122
35044,2014,MG,45659,GUARANÉSIA,123,AÉCIO NEVES,3105
35045,2014,MG,50792,RAUL SOARES,231,AÉCIO NEVES,4180
35052,2014,MG,40207,FERVEDOURO,69,AÉCIO NEVES,1407
35053,2014,MG,43818,CORINTO,95,AÉCIO NEVES,4311
35054,2014,MG,41750,BRAÚNAS,176,AÉCIO NEVES,867
35055,2014,MG,42129,GLAUCILÂNDIA,325,AÉCIO NEVES,515
35056,2014,MG,42935,CARVALHÓPOLIS,164,AÉCIO NEVES,1183
35057,2014,MG,40576,ANTÔNIO CARLOS,24,AÉCIO NEVES,1710
35058,2014,MG,43516,CONCEIÇÃO DO PARÁ,219,AÉCIO NEVES,1939
35059,2014,MG,41106,NATALÂNDIA,329,AÉCIO NEVES,469
35065,2014,MG,47937,MARAVILHAS,219,AÉCIO NEVES,2072
35113,2014,MG,44814,ESMERALDAS,108,AÉCIO NEVES,10555
35114,2014,MG,42200,IBIRACATU,255,AÉCIO NEVES,819
35115,2014,MG,46736,ITATIAIUÇU,140,AÉCIO NEVES,2903
35116,2014,MG,50415,PONTE NOVA,224,AÉCIO NEVES,8828
35128,2014,MG,40363,LIMEIRA DO OESTE,142,AÉCIO NEVES,1029
35129,2014,MG,52914,SÃO SEBASTIÃO DO OESTE,139,AÉCIO NEVES,1495
35143,2014,MG,40487,NAQUE,3,AÉCIO NEVES,785
35144,2014,MG,40983,LUISBURGO,167,AÉCIO NEVES,1630
35145,2014,MG,51250,RODEIRO,275,AÉCIO NEVES,1632
35164,2014,MG,43915,CORONEL PACHECO,315,AÉCIO NEVES,631
35166,2014,MG,45390,FRONTEIRA,116,AÉCIO NEVES,1602
35167,2014,MG,50776,RAPOSOS,194,AÉCIO NEVES,3112
35182,2014,MG,41971,CAETANÓPOLIS,206,AÉCIO NEVES,2895
35183,2014,MG,45217,FORMIGA,114,AÉCIO NEVES,19487
35184,2014,MG,49832,PEDRINÓPOLIS,291,AÉCIO NEVES,970
35185,2014,MG,49875,PEDRO TEIXEIRA,162,AÉCIO NEVES,562
35351,2014,MG,40150,AGUANIL,64,AÉCIO NEVES,725
35352,2014,MG,50938,RIBEIRÃO VERMELHO,160,AÉCIO NEVES,1121
35356,2014,MG,41912,CACHOEIRA DA PRATA,322,AÉCIO NEVES,1343
35357,2014,MG,49395,PARACATU,203,AÉCIO NEVES,18816
35358,2014,MG,47210,JOANÉSIA,176,AÉCIO NEVES,991
35359,2014,MG,42102,GAMELEIRAS,180,AÉCIO NEVES,598
35373,2014,MG,41726,BERIZAL,266,AÉCIO NEVES,625
35374,2014,MG,40312,ALFENAS,8,AÉCIO NEVES,20017
35375,2014,MG,48895,NAZARENO,328,AÉCIO NEVES,1989
36221,2014,MG,54038,UBERLÂNDIA,299,DILMA,24347
36240,2014,MG,46116,INCONFIDENTES,199,DILMA,1856
36252,2014,MG,43575,CONGONHAL,227,DILMA,2180
36253,2014,MG,45357,FREI GASPAR,136,DILMA,2307
36259,2014,MG,48577,MONTE AZUL,180,DILMA,9864
36260,2014,MG,50938,RIBEIRÃO VERMELHO,160,DILMA,880
36267,2014,MG,40878,ARGIRITA,161,DILMA,1182
37001,2014,MG,43893,CORONEL MURTA,15,DILMA,3396
37009,2014,MG,40240,ICARAÍ DE MINAS,252,DILMA,4343
37010,2014,MG,40142,DIVISÓPOLIS,9,DILMA,2732
37011,2014,MG,53058,SÃO VICENTE DE MINAS,14,DILMA,888
37025,2014,MG,41017,BAMBUÍ,21,DILMA,6763
37032,2014,MG,40410,ALTO RIO DOCE,11,DILMA,4232
37039,2014,MG,48470,MOEMA,45,DILMA,2007
37041,2014,MG,53635,TAPIRAÍ,21,DILMA,965
37042,2014,MG,49573,PASSOS,209,DILMA,26965
37051,2014,MG,51012,RIO DO PRADO,9,DILMA,1996
37110,2014,MG,40312,ALFENAS,8,DILMA,14577
37111,2014,MG,47333,JUIZ DE FORA,152,DILMA,182
37124,2014,MG,49514,PASSA QUATRO,207,DILMA,3181
37125,2014,MG,52159,SÃO BENTO ABADE,272,DILMA,1135
37126,2014,MG,42021,DELTA,276,DILMA,1989
37127,2014,MG,46736,ITATIAIUÇU,140,DILMA,2376
37133,2014,MG,44890,ESTIVA,227,DILMA,2510
37140,2014,MG,43338,COIMBRA,282,DILMA,2113
37320,2014,MG,51055,RIO MANSO,47,DILMA,1710
37321,2014,MG,48216,MATOZINHOS,174,DILMA,8074
37343,2014,MG,40339,ALMENARA,9,DILMA,13676
37344,2014,MG,40673,ARAÇUAÍ,15,DILMA,10134
37354,2014,MG,48135,MATEUS LEME,172,DILMA,5461
37355,2014,MG,42633,CARANDAÍ,68,DILMA,7900
37358,2014,MG,53511,SIMONÉSIA,167,DILMA,5995
37379,2014,MG,46175,INHAPIM,128,DILMA,7829
37380,2014,MG,40185,ENTRE FOLHAS,72,DILMA,2114
37390,2014,MG,42501,VARJÃO DE MINAS,210,DILMA,1927
37392,2014,MG,48054,MARLIÉRIA,98,DILMA,1308
41716,2014,MG,54453,ITAÚ DE MINAS,293,AÉCIO NEVES,4086
41721,2014,MG,43575,CONGONHAL,227,AÉCIO NEVES,3300
41723,2014,MG,47899,MANHUMIRIM,168,AÉCIO NEVES,3743
41724,2014,MG,50610,PRESIDENTE BERNARDES,217,AÉCIO NEVES,1494
41725,2014,MG,46213,INIMUTABA,100,AÉCIO NEVES,1419
41726,2014,MG,48771,MURIAÉ,187,AÉCIO NEVES,14651
41746,2014,MG,41769,BUGRE,128,AÉCIO NEVES,1210
41810,2014,MG,47279,JOAQUIM FELÍCIO,54,AÉCIO NEVES,906
41822,2014,MG,51756,SANTANA DO JACARÉ,64,AÉCIO NEVES,1053
41832,2014,MG,45896,IBIÁ,126,AÉCIO NEVES,4742
41843,2014,MG,54070,UNAÍ,280,AÉCIO NEVES,22140
41852,2014,MG,42919,CARRANCAS,343,AÉCIO NEVES,1330
41862,2014,MG,48356,MINAS NOVAS,177,AÉCIO NEVES,2365
41865,2014,MG,43834,COROACI,212,AÉCIO NEVES,2121
41867,2014,MG,51292,RUBELITA,244,AÉCIO NEVES,1033
41868,2014,MG,42030,CAJURI,282,AÉCIO NEVES,832
41887,2014,MG,41629,SÃO JOAQUIM DE BICAS,41,AÉCIO NEVES,3816
41893,2014,MG,50911,RIBEIRÃO DAS NEVES,286,AÉCIO NEVES,23097
41905,2014,MG,51837,SANTA RITA DE CALDAS,345,AÉCIO NEVES,3080
41911,2014,MG,54259,VESPASIANO,311,AÉCIO NEVES,24314
41923,2014,MG,52957,SÃO SEBASTIÃO DO RIO PRETO,83,AÉCIO NEVES,672
41924,2014,MG,43974,CÓRREGO DO BOM JESUS,59,AÉCIO NEVES,1403
41926,2014,MG,40843,SENADOR AMARAL,59,AÉCIO NEVES,1635
41927,2014,MG,40541,PEDRAS DE MARIA DA CRUZ,148,AÉCIO NEVES,540
42683,2014,MG,41513,BOM JESUS DA PENHA,195,DILMA,1102
42684,2014,MG,42870,CARMO DO RIO CLARO,77,DILMA,5296
42691,2014,MG,42773,CARMO DA CACHOEIRA,281,DILMA,3060
42708,2014,MG,53155,SENADOR JOSÉ BENTO,227,DILMA,838
42710,2014,MG,48194,MATO VERDE,180,DILMA,5274
42716,2014,MG,47333,JUIZ DE FORA,153,DILMA,27214
42717,2014,MG,41602,SÃO JOÃO DAS MISSÕES,166,DILMA,4560
42723,2014,MG,50130,PIRAJUBA,82,DILMA,1315
42724,2014,MG,51217,RITÁPOLIS,256,DILMA,1346
42731,2014,MG,42064,FREI LAGONEGRO,212,DILMA,1481
42734,2014,MG,51136,RIO PIRACICABA,238,DILMA,4662
42735,2014,MG,41548,SÃO DOMINGOS DAS DORES,128,DILMA,2138
42742,2014,MG,51535,SANTA JULIANA,340,DILMA,2865
42743,2014,MG,40649,SANTA BÁRBARA DO LESTE,71,DILMA,2751
42744,2014,MG,52973,SÃO SEBASTIÃO DO RIO VERDE,259,DILMA,467
42745,2014,MG,48232,MATUTINA,254,DILMA,1029
42747,2014,MG,51470,SANTA CRUZ DO ESCALVADO,225,DILMA,2354
42755,2014,MG,48917,NEPOMUCENO,192,DILMA,6297
42763,2014,MG,50776,RAPOSOS,194,DILMA,4852
42765,2014,MG,42005,CURRAL DE DENTRO,266,DILMA,2173
42768,2014,MG,50970,RIO CASCA,234,DILMA,4421
42769,2014,MG,40126,DIVISA ALEGRE,213,DILMA,1713
42808,2014,MG,50679,PRESIDENTE OLEGÁRIO,230,DILMA,6731
42835,2014,MG,47570,LAMIM,88,DILMA,1575
42837,2014,MG,47759,LUZ,163,DILMA,3300
42844,2014,MG,43710,CONTAGEM,91,DILMA,18367
42845,2014,MG,44679,DORESÓPOLIS,220,DILMA,499
42846,2014,MG,49476,PARAOPEBA,206,DILMA,5809
42852,2014,MG,50911,RIBEIRÃO DAS NEVES,321,DILMA,26574
43008,2014,MG,45756,GUIDOVAL,275,DILMA,2461
43009,2014,MG,42560,VERMELHO NOVO,231,DILMA,2000
43010,2014,MG,42153,CAMPANÁRIO,136,DILMA,1347
43011,2014,MG,40398,ALTEROSA,19,DILMA,4656
43041,2014,MG,40568,PERIQUITO,318,DILMA,2396
43044,2014,MG,41904,CÔNEGO MARINHO,148,DILMA,3202
43045,2014,MG,45535,GOVERNADOR VALADARES,118,DILMA,87
43046,2014,MG,50431,PORTEIRINHA,226,DILMA,16548
43059,2014,MG,52213,SÃO FRANCISCO,252,DILMA,20215
43061,2014,MG,54372,VIRGINÓPOLIS,283,DILMA,2599
43062,2014,MG,51837,SANTA RITA DE CALDAS,345,DILMA,2298
43078,2014,MG,52914,SÃO SEBASTIÃO DO OESTE,139,DILMA,2370
43079,2014,MG,42790,CARMO DA MATA,74,DILMA,2811
43091,2014,MG,45470,GONÇALVES,205,DILMA,418
43108,2014,MG,46892,ITUTINGA,343,DILMA,937
43132,2014,MG,40509,NOVO ORIENTE DE MINAS,269,DILMA,3201
43146,2014,MG,48712,MORRO DA GARÇA,100,DILMA,1291
43147,2014,MG,42129,GLAUCILÂNDIA,325,DILMA,1835
43148,2014,MG,40550,ANDRELÂNDIA,14,DILMA,3105
43154,2014,MG,46078,IJACI,160,DILMA,1180
43155,2014,MG,46515,ITAMARATI DE MINAS,79,DILMA,1686
43162,2014,MG,45837,HELIODORA,191,DILMA,1540
43163,2014,MG,44970,EUGENÓPOLIS,111,DILMA,3614
43164,2014,MG,42285,JENIPAPO DE MINAS,177,DILMA,1786
43165,2014,MG,44792,ERVÁLIA,107,DILMA,7437
43166,2014,MG,46434,ITAGUARA,305,DILMA,2410
43171,2014,MG,46531,ITAMBACURI,136,DILMA,8256
43172,2014,MG,40045,BRASILÂNDIA DE MINAS,151,DILMA,5430
43173,2014,MG,41335,BETIM,319,DILMA,32292
43174,2014,MG,41335,BETIM,40,DILMA,58
43175,2014,MG,51233,ROCHEDO DE MINAS,258,DILMA,758
43178,2014,MG,47031,JANUÁRIA,148,DILMA,25173
43179,2014,MG,40665,SANTA RITA DE MINAS,71,DILMA,1924
43180,2014,MG,43052,CATAGUASES,79,DILMA,24775
43181,2014,MG,45853,IAPU,128,DILMA,2745
43183,2014,MG,54399,VIRGOLÂNDIA,212,DILMA,1968
43184,2014,MG,53953,TURVOLÂNDIA,265,DILMA,1364
43185,2014,MG,41246,ORIZÂNIA,70,DILMA,3101
43186,2014,MG,54232,VERÍSSIMO,277,DILMA,987
43187,2014,MG,41882,CHAPADA GAÚCHA,320,DILMA,3968
43190,2014,MG,48631,MONTE SANTO DE MINAS,182,DILMA,4513
43191,2014,MG,42552,CAPITÓLIO,220,DILMA,2581
43192,2014,MG,47694,LIBERDADE,6,DILMA,1514
43193,2014,MG,50571,PRATÁPOLIS,293,DILMA,2432
43194,2014,MG,50750,QUELUZITO,88,DILMA,831
43199,2014,MG,49450,PARAISÓPOLIS,205,DILMA,2612
43200,2014,MG,43931,CORONEL XAVIER CHAVES,232,DILMA,848
43201,2014,MG,41130,BARRA LONGA,225,DILMA,2418
43202,2014,MG,41580,SÃO GERALDO DO BAIXIO,117,DILMA,1193
43203,2014,MG,54453,ITAÚ DE MINAS,293,DILMA,2826
43204,2014,MG,53899,TUMIRITINGA,89,DILMA,1991
43205,2014,MG,51993,SANTO ANTÔNIO DO AVENTUREIRO,7,DILMA,1044
43206,2014,MG,46493,ITAMARANDIBA,135,DILMA,10536
43211,2014,MG,42951,CARVALHOS,6,DILMA,1237
43212,2014,MG,53031,SÃO THOMÉ DAS LETRAS,272,DILMA,1953
43213,2014,MG,52132,SANTOS DUMONT,250,DILMA,15474
43214,2014,MG,43419,CONCEIÇÃO DA APARECIDA,77,DILMA,3379
43215,2014,MG,46256,IPATINGA,130,DILMA,15964
43216,2014,MG,49735,PEDRA AZUL,213,DILMA,6950
43217,2014,MG,52990,SÃO TIAGO,256,DILMA,1779
43218,2014,MG,48615,MONTE CARMELO,181,DILMA,14322
43219,2014,MG,44636,DORES DO INDAIÁ,104,DILMA,2445
43221,2014,MG,51330,SABARÁ,241,DILMA,20876
43222,2014,MG,41700,ARICANDUVA,135,DILMA,1863
43223,2014,MG,40886,URUCUIA,320,DILMA,3560
43228,2014,MG,52930,SÃO SEBASTIÃO DO PARAÍSO,260,DILMA,12824
43229,2014,MG,45330,FRANCISCO SÁ,115,DILMA,9799
43230,2014,MG,45870,IBERTIOGA,24,DILMA,2378
43231,2014,MG,42714,CAREAÇU,253,DILMA,1436
43237,2014,MG,41149,NOVA BELÉM,169,DILMA,1489
43246,2014,MG,52418,SÃO GOTARDO,254,DILMA,6711
43247,2014,MG,53791,TOCANTINS,275,DILMA,4510
43248,2014,MG,53759,TIRADENTES,256,DILMA,1531
43254,2014,MG,46710,ITAPEVA,58,DILMA,1501
43255,2014,MG,41378,BICAS,42,DILMA,3278
43261,2014,MG,47597,LARANJAL,187,DILMA,2474
43264,2014,MG,43370,COMENDADOR GOMES,116,DILMA,975
43265,2014,MG,46639,ITANHOMI,138,DILMA,3478
43266,2014,MG,41831,BUENÓPOLIS,54,DILMA,2714
43271,2014,MG,42447,UNIÃO DE MINAS,142,DILMA,1647
43272,2014,MG,48410,MIRADOURO,290,DILMA,3684
43276,2014,MG,41688,ANGELÂNDIA,67,DILMA,2400
43281,2014,MG,42471,CAPETINGA,78,DILMA,1711
43288,2014,MG,40690,ARAGUARI,16,DILMA,28618
48029,2014,MG,47350,JURAMENTO,325,DILMA,2321
48030,2014,MG,42358,CANÁPOLIS,66,DILMA,4146
48031,2014,MG,48356,MINAS NOVAS,177,DILMA,8958
48048,2014,MG,43036,CONCEIÇÃO DA BARRA DE MINAS,328,DILMA,1308
48061,2014,MG,42994,CASCALHO RICO,110,DILMA,1137
48062,2014,MG,40029,ARAPORÃ,274,DILMA,1544
48065,2014,MG,53430,SETE LAGOAS,322,DILMA,12953
48073,2014,MG,40932,ATALÉIA,270,DILMA,5405
48074,2014,MG,44172,CURVELO,100,DILMA,20629
48075,2014,MG,50539,PRADOS,228,DILMA,2248
48084,2014,MG,51292,RUBELITA,244,DILMA,3410
48093,2014,MG,49034,NOVA SERRANA,298,DILMA,7171
48094,2014,MG,41009,LUISLÂNDIA,50,DILMA,3272
48098,2014,MG,40215,AIMORÉS,5,DILMA,7352
48099,2014,MG,48852,NANUQUE,190,DILMA,9987
48116,2014,MG,41238,BELO HORIZONTE,333,DILMA,31283
48122,2014,MG,41033,BANDEIRA,9,DILMA,2062
48123,2014,MG,41041,MARTINS SOARES,168,DILMA,2966
48133,2014,MG,43311,CLÁUDIO,81,DILMA,2376
48137,2014,MG,52230,SÃO FRANCISCO DE PAULA,197,DILMA,2568
48138,2014,MG,51756,SANTANA DO JACARÉ,64,DILMA,1397
48139,2014,MG,40940,JUVENÍLIA,342,DILMA,2382
48140,2014,MG,43079,CATAS ALTAS DA NORUEGA,88,DILMA,1684
48163,2014,MG,53015,SÃO TOMÁS DE AQUINO,260,DILMA,1706
48164,2014,MG,53732,TIMÓTEO,98,DILMA,16228
48165,2014,MG,41475,BOM DESPACHO,45,DILMA,5947
48212,2014,MG,51772,SANTANA DO MANHUAÇU,167,DILMA,3410
48667,2014,MG,40495,AMPARO DO SERRA,225,AÉCIO NEVES,778
48671,2014,MG,51470,SANTA CRUZ DO ESCALVADO,225,AÉCIO NEVES,831
48675,2014,MG,50431,PORTEIRINHA,226,AÉCIO NEVES,3443
48679,2014,MG,47031,JANUÁRIA,148,AÉCIO NEVES,4472
48681,2014,MG,53210,SENHORA DO PORTO,121,AÉCIO NEVES,794
48686,2014,MG,40525,PALMÓPOLIS,9,AÉCIO NEVES,1279
48687,2014,MG,45756,GUIDOVAL,275,AÉCIO NEVES,1746
48699,2014,MG,49158,ONÇA DE PITANGUI,202,AÉCIO NEVES,1229
48700,2014,MG,42250,CAMPO DO MEIO,65,AÉCIO NEVES,1997
48701,2014,MG,45012,EXTREMA,112,AÉCIO NEVES,9809
48702,2014,MG,44679,DORESÓPOLIS,220,AÉCIO NEVES,621
48719,2014,MG,41238,BELO HORIZONTE,29,AÉCIO NEVES,43711
48720,2014,MG,50539,PRADOS,228,AÉCIO NEVES,2436
48724,2014,MG,49298,PAINS,18,AÉCIO NEVES,2766
48725,2014,MG,43133,CENTRAL DE MINAS,169,AÉCIO NEVES,790
48732,2014,MG,41505,SANTA HELENA DE MINAS,4,AÉCIO NEVES,1041
48737,2014,MG,43710,CONTAGEM,91,AÉCIO NEVES,21361
48741,2014,MG,48674,MONTE SIÃO,183,AÉCIO NEVES,7165
48749,2014,MG,53554,SOLEDADE DE MINAS,259,AÉCIO NEVES,2409
48765,2014,MG,45276,FORTUNA DE MINAS,322,AÉCIO NEVES,772
48766,2014,MG,47376,JURUAIA,189,AÉCIO NEVES,2577
48767,2014,MG,43710,CONTAGEM,90,AÉCIO NEVES,80
48768,2014,MG,46990,JAGUARAÇU,98,AÉCIO NEVES,648
48774,2014,MG,49972,PERDÕES,216,AÉCIO NEVES,4308
49603,2014,MG,40827,SEM PEIXE,12,DILMA,1298
49604,2014,MG,50032,PIEDADE DE PONTE NOVA,339,DILMA,1677
49605,2014,MG,45438,FUNILÂNDIA,264,DILMA,1217
49614,2014,MG,42250,CAMPO DO MEIO,65,DILMA,4213
49617,2014,MG,50075,PIEDADE DOS GERAIS,47,DILMA,1555
49618,2014,MG,50210,PIRAPETINGA,292,DILMA,4247
49619,2014,MG,52655,SÃO JOSÉ DO DIVINO,136,DILMA,1220
49627,2014,MG,48674,MONTE SIÃO,183,DILMA,3122
49641,2014,MG,54054,UMBURATIBA,4,DILMA,930
49647,2014,MG,54038,UBERLÂNDIA,278,DILMA,31439
49652,2014,MG,41238,BELO HORIZONTE,33,DILMA,11167
49653,2014,MG,50954,RIO ACIMA,194,DILMA,2190
49663,2014,MG,40401,MAMONAS,109,DILMA,3329
49664,2014,MG,40967,LEME DO PRADO,336,DILMA,1398
49681,2014,MG,40193,ÁGUAS VERMELHAS,213,DILMA,3913
49682,2014,MG,51454,SANTA BÁRBARA DO TUGÚRIO,25,DILMA,2268
49722,2014,MG,45535,GOVERNADOR VALADARES,318,DILMA,24484
49723,2014,MG,51250,RODEIRO,275,DILMA,1996
49742,2014,MG,47198,JOAÍMA,149,DILMA,4594
49743,2014,MG,52671,SÃO JOSÉ DO GOIABAL,251,DILMA,2004
49756,2014,MG,45810,GURINHATÃ,141,DILMA,2058
49757,2014,MG,53970,UBÁ,275,DILMA,22113
49758,2014,MG,40363,LIMEIRA DO OESTE,142,DILMA,3070
49760,2014,MG,40150,AGUANIL,64,DILMA,1770
49774,2014,MG,49654,PAULA CÂNDIDO,282,DILMA,3690
49775,2014,MG,40720,SÃO JOÃO DO MANHUAÇU,167,DILMA,3891
49819,2014,MG,42676,CARATINGA,72,DILMA,10006
49820,2014,MG,40592,ANTÔNIO DIAS,97,DILMA,3375
49821,2014,MG,45950,IBIRITÉ,351,DILMA,19632
49822,2014,MG,46850,ITUMIRIM,343,DILMA,1433
49826,2014,MG,45675,GUARANI,124,DILMA,2699
49827,2014,MG,42218,CAMPINA VERDE,63,DILMA,5126
49828,2014,MG,41327,PEDRA BONITA,2,DILMA,2510
49829,2014,MG,47317,NOVA UNIÃO,56,DILMA,2105
49830,2014,MG,45497,GONZAGA,283,DILMA,1413
49836,2014,MG,53856,TRÊS CORAÇÕES,272,DILMA,12893
49837,2014,MG,54135,VARGINHA,281,DILMA,21972
49841,2014,MG,40258,ALAGOA,306,DILMA,343
49845,2014,MG,46418,ITACARAMBI,148,DILMA,6137
49846,2014,MG,42137,CAMBUQUIRA,60,DILMA,1926
49847,2014,MG,42200,IBIRACATU,255,DILMA,2572
49848,2014,MG,48119,MATERLÂNDIA,242,DILMA,1727
49852,2014,MG,51551,SANTA LUZIA,312,DILMA,24568
49853,2014,MG,52019,SANTO ANTÔNIO DO GRAMA,234,DILMA,1441
49854,2014,MG,50016,PIAU,235,DILMA,1226
49855,2014,MG,51659,SANTANA DA VARGEM,273,DILMA,2124
49856,2014,MG,41971,CAETANÓPOLIS,206,DILMA,2004
49861,2014,MG,41289,PAI PEDRO,226,DILMA,2627
49862,2014,MG,52191,SÃO DOMINGOS DO PRATA,251,DILMA,5455
49863,2014,MG,52833,SÃO ROMÃO,285,DILMA,2921
49864,2014,MG,46132,INDIANÓPOLIS,16,DILMA,1958
49865,2014,MG,54313,MATHIAS LOBATO,119,DILMA,1427
49866,2014,MG,44075,CRISTIANO OTONI,88,DILMA,1678
49867,2014,MG,41980,CUPARAQUE,89,DILMA,1234
49871,2014,MG,49050,NOVO CRUZEIRO,196,DILMA,8452
49872,2014,MG,53570,TABULEIRO,239,DILMA,1594
49875,2014,MG,42498,CAPIM BRANCO,174,DILMA,1931
49876,2014,MG,42897,CARMÓPOLIS DE MINAS,197,DILMA,4178
49877,2014,MG,41505,SANTA HELENA DE MINAS,4,DILMA,1990
49878,2014,MG,48291,MENDES PIMENTEL,169,DILMA,1950
49881,2014,MG,41874,BURITIZEIRO,218,DILMA,8536
49884,2014,MG,45659,GUARANÉSIA,123,DILMA,6412
49885,2014,MG,47171,JESUÂNIA,159,DILMA,1175
49886,2014,MG,47473,LAGOA DOURADA,256,DILMA,2942
49887,2014,MG,51152,RIO POMBA,239,DILMA,4188
49888,2014,MG,47678,LEOPOLDINA,161,DILMA,16926
49893,2014,MG,45551,GRÃO MOGOL,120,DILMA,4968
49894,2014,MG,45233,FORMOSO,324,DILMA,2267
49898,2014,MG,42226,IMBÉ DE MINAS,71,DILMA,2532
49899,2014,MG,43737,COQUEIRAL,43,DILMA,2486
49900,2014,MG,44717,ELÓI MENDES,105,DILMA,4288
49901,2014,MG,43753,CORAÇÃO DE JESUS,94,DILMA,11742
49902,2014,MG,48259,MEDEIROS,21,DILMA,798
49905,2014,MG,47970,MARIA DA FÉ,99,DILMA,3570
49906,2014,MG,54275,VIÇOSA,282,DILMA,20544
49907,2014,MG,42587,TOCOS DO MOJI,48,DILMA,1662
49908,2014,MG,41157,TRÊS MARIAS,309,DILMA,6431
49914,2014,MG,41238,BELO HORIZONTE,28,DILMA,23586
49919,2014,MG,48038,MARIPÁ DE MINAS,42,DILMA,1106
49929,2014,MG,49751,PEDRA DO ANTA,268,DILMA,1811
49930,2014,MG,51373,SACRAMENTO,243,DILMA,5616
49932,2014,MG,40738,ARAPONGA,107,DILMA,3560
49935,2014,MG,41572,BOM REPOUSO,59,DILMA,3288
49938,2014,MG,41351,BIAS FORTES,24,DILMA,1611
49939,2014,MG,41521,SANTO ANTÔNIO DO RETIRO,237,DILMA,2939
49941,2014,MG,41050,BANDEIRA DO SUL,62,DILMA,1322
49954,2014,MG,41084,MONTE FORMOSO,149,DILMA,1420
49955,2014,MG,44997,EWBANK DA CÂMARA,250,DILMA,1916
49956,2014,MG,42374,CANA VERDE,216,DILMA,2287
49957,2014,MG,42455,CAPELINHA,67,DILMA,9017
49958,2014,MG,45799,GUIRICEMA,284,DILMA,3548
49959,2014,MG,49638,PATROCÍNIO DO MURIAÉ,111,DILMA,2224
49960,2014,MG,49352,FRONTEIRA DOS VALES,4,DILMA,1868
49963,2014,MG,52116,SANTO HIPÓLITO,95,DILMA,1110
49964,2014,MG,42757,CARMÉSIA,113,DILMA,622
49972,2014,MG,47295,JORDÂNIA,144,DILMA,3299
49973,2014,MG,44695,DOURADOQUARA,181,DILMA,724
49974,2014,MG,41670,BOTELHOS,49,DILMA,4944
51206,2014,MG,46795,ITINGA,15,DILMA,4834
51208,2014,MG,52299,SÃO GERALDO,284,DILMA,2473
51215,2014,MG,52493,SÃO JOÃO DEL REI,328,DILMA,10340
51217,2014,MG,48658,MONTES CLAROS,317,DILMA,31986
51224,2014,MG,53350,SERRA DO SALITRE,211,DILMA,3279
51229,2014,MG,53139,SENADOR FIRMINO,261,DILMA,2761
52678,2014,MG,49794,PEDRA DOURADA,271,DILMA,1093
52688,2014,MG,45896,IBIÁ,126,DILMA,5586
52689,2014,MG,43214,CHAPADA DO NORTE,177,DILMA,3828
52690,2014,MG,41238,BELO HORIZONTE,331,DILMA,21224
52696,2014,MG,46914,JABOTICATUBAS,143,DILMA,4414
52697,2014,MG,40347,LAGOA GRANDE,230,DILMA,2822
52698,2014,MG,48755,MUNHOZ,53,DILMA,1434
52704,2014,MG,45055,FARIA LEMOS,69,DILMA,1675
52777,2014,MG,44059,CRISTÁLIA,120,DILMA,2643
52799,2014,MG,48372,MINDURI,346,DILMA,969
52803,2014,MG,48771,MURIAÉ,187,DILMA,27855
52811,2014,MG,40746,SÃO JOÃO DO MANTENINHA,169,DILMA,2489
52814,2014,MG,53910,TUPACIGUARA,274,DILMA,8321
52815,2014,MG,53279,SERITINGA,6,DILMA,561
52816,2014,MG,54038,UBERLÂNDIA,314,DILMA,141
52817,2014,MG,54038,UBERLÂNDIA,279,DILMA,29803
52818,2014,MG,53430,SETE LAGOAS,264,DILMA,15033
52824,2014,MG,40703,SÃO JOÃO DA LAGOA,94,DILMA,2270
52825,2014,MG,42242,INDAIABIRA,266,DILMA,2217
52980,2014,MG,42188,GUARACIAMA,44,AÉCIO NEVES,626
52994,2014,MG,52973,SÃO SEBASTIÃO DO RIO VERDE,259,AÉCIO NEVES,972
52995,2014,MG,51314,RUBIM,9,AÉCIO NEVES,1704
53001,2014,MG,40304,JAMPRUCA,136,AÉCIO NEVES,497
53002,2014,MG,53899,TUMIRITINGA,89,AÉCIO NEVES,1306
53003,2014,MG,52353,SÃO GONÇALO DO PARÁ,202,AÉCIO NEVES,3294
53009,2014,MG,49794,PEDRA DOURADA,271,AÉCIO NEVES,497
53012,2014,MG,53171,SENADOR MODESTINO GONÇALVES,101,AÉCIO NEVES,1129
53013,2014,MG,48135,MATEUS LEME,172,AÉCIO NEVES,7659
53014,2014,MG,46795,ITINGA,15,AÉCIO NEVES,1761
53026,2014,MG,45357,FREI GASPAR,136,AÉCIO NEVES,692
53027,2014,MG,49131,OLIVEIRA FORTES,250,AÉCIO NEVES,416
53028,2014,MG,50350,POÇOS DE CALDAS,222,AÉCIO NEVES,18865
53037,2014,MG,42412,CAPARAÓ,303,AÉCIO NEVES,793
53056,2014,MG,47333,JUIZ DE FORA,154,AÉCIO NEVES,11052
53057,2014,MG,42994,CASCALHO RICO,110,AÉCIO NEVES,624
53058,2014,MG,41661,ALTO CAPARAÓ,168,AÉCIO NEVES,1247
53059,2014,MG,54054,UMBURATIBA,4,AÉCIO NEVES,624
53070,2014,MG,43710,CONTAGEM,90,AÉCIO NEVES,27059
53076,2014,MG,43036,CONCEIÇÃO DA BARRA DE MINAS,328,AÉCIO NEVES,1290
53077,2014,MG,52671,SÃO JOSÉ DO GOIABAL,251,AÉCIO NEVES,852
53090,2014,MG,45438,FUNILÂNDIA,264,AÉCIO NEVES,1267
53099,2014,MG,48690,MORADA NOVA DE MINAS,186,AÉCIO NEVES,2252
53954,2014,MG,52477,SÃO JOÃO DA PONTE,255,DILMA,11322
53955,2014,MG,40100,CATUJI,196,DILMA,3139
53956,2014,MG,43915,CORONEL PACHECO,315,DILMA,964
53964,2014,MG,43656,CONSELHEIRO LAFAIETE,87,DILMA,34140
53966,2014,MG,49999,PESCADOR,136,DILMA,1160
53984,2014,MG,40231,AIURUOCA,6,DILMA,1541
53985,2014,MG,41238,BELO HORIZONTE,31,DILMA,20134
53986,2014,MG,50237,PIRAPORA,218,DILMA,12742
53987,2014,MG,48810,MUZAMBINHO,189,DILMA,6367
54005,2014,MG,40487,NAQUE,3,DILMA,2236
54006,2014,MG,47430,LAGOA DA PRATA,156,DILMA,7246
55426,2014,MG,52612,SÃO JOSÉ DA VARGINHA,202,AÉCIO NEVES,1143
55427,2014,MG,50253,PIRAÚBA,124,AÉCIO NEVES,2526
55437,2014,MG,49530,PASSA TEMPO,208,AÉCIO NEVES,2440
55456,2014,MG,42358,CANÁPOLIS,66,AÉCIO NEVES,1837
55468,2014,MG,41793,BRUMADINHO,52,AÉCIO NEVES,9799
55536,2014,MG,42153,CAMPANÁRIO,136,AÉCIO NEVES,690
55541,2014,MG,50695,ALTO JEQUITIBÁ,168,AÉCIO NEVES,1944
55553,2014,MG,48577,MONTE AZUL,180,AÉCIO NEVES,1908
55554,2014,MG,48216,MATOZINHOS,174,AÉCIO NEVES,10323
55555,2014,MG,48470,MOEMA,45,AÉCIO NEVES,2210
55556,2014,MG,53074,SAPUCAÍ-MIRIM,205,AÉCIO NEVES,2126
55567,2014,MG,40061,CAPITÃO ANDRADE,138,AÉCIO NEVES,1052
55568,2014,MG,51799,SANTANA DO RIACHO,143,AÉCIO NEVES,1666
55577,2014,MG,51098,RIO PARANAÍBA,236,AÉCIO NEVES,2685
55578,2014,MG,43559,CONCEIÇÃO DOS OUROS,300,AÉCIO NEVES,3569
55589,2014,MG,48852,NANUQUE,190,AÉCIO NEVES,6477
55595,2014,MG,40967,LEME DO PRADO,336,AÉCIO NEVES,964
55596,2014,MG,52213,SÃO FRANCISCO,252,AÉCIO NEVES,3869
55619,2014,MG,49310,PAIVA,250,AÉCIO NEVES,515
55620,2014,MG,41238,BELO HORIZONTE,39,AÉCIO NEVES,43286
55632,2014,MG,50555,PRATA,229,AÉCIO NEVES,4285
55633,2014,MG,50512,POUSO ALTO,259,AÉCIO NEVES,2388
55641,2014,MG,40673,ARAÇUAÍ,15,AÉCIO NEVES,5887
55642,2014,MG,43710,CONTAGEM,92,AÉCIO NEVES,31122
55647,2014,MG,52159,SÃO BENTO ABADE,272,AÉCIO NEVES,1706
55653,2014,MG,50075,PIEDADE DOS GERAIS,47,AÉCIO NEVES,1311
55654,2014,MG,40088,CARNEIRINHO,142,AÉCIO NEVES,1764
56081,2014,MG,47236,JOÃO MONLEVADE,150,DILMA,16400
56095,2014,MG,47333,JUIZ DE FORA,152,DILMA,17171
56096,2014,MG,48950,NOVA LIMA,194,DILMA,15195
56102,2014,MG,41408,PONTO CHIQUE,50,DILMA,1875
56134,2014,MG,47910,MANTENA,169,DILMA,7751
56140,2014,MG,40452,ALVINÓPOLIS,12,DILMA,6061
56147,2014,MG,41858,BURITIS,324,DILMA,6255
56148,2014,MG,45411,FRUTAL,116,DILMA,12639
56149,2014,MG,42145,GOIABEIRA,89,DILMA,982
56150,2014,MG,42269,JAPONVAR,50,DILMA,4076
56151,2014,MG,41491,BOM JARDIM DE MINAS,14,DILMA,2203
56152,2014,MG,46019,IGARAPÉ,41,DILMA,8496
56153,2014,MG,41424,REDUTO,167,DILMA,2338
56155,2014,MG,50792,RAUL SOARES,231,DILMA,7439
56159,2014,MG,42676,CARATINGA,71,DILMA,9405
56160,2014,MG,49590,PATOS DE MINAS,210,DILMA,15775
56161,2014,MG,41335,BETIM,316,DILMA,36482
56162,2014,MG,51195,RIO VERMELHO,294,DILMA,3466
56163,2014,MG,51438,SANTA BÁRBARA,245,DILMA,8502
56169,2014,MG,41270,BELO VALE,338,DILMA,2740
56170,2014,MG,44652,DORES DO TURVO,261,DILMA,2116
56171,2014,MG,40576,ANTÔNIO CARLOS,24,DILMA,4573
56172,2014,MG,43290,CLARO DOS POÇÕES,184,DILMA,3137
56173,2014,MG,46256,IPATINGA,348,DILMA,11952
56174,2014,MG,51896,SANTA RITA DO ITUETO,233,DILMA,1726
56176,2014,MG,42110,CAMBUÍ,59,DILMA,4522
56182,2014,MG,41530,BOM JESUS DO AMPARO,22,DILMA,1761
56183,2014,MG,43230,CHIADOR,170,DILMA,761
56184,2014,MG,40037,ABAETÉ,1,DILMA,4649
56185,2014,MG,50830,RESENDE COSTA,232,DILMA,3069
56186,2014,MG,52272,SÃO FRANCISCO DO GLÓRIA,69,DILMA,2377
56189,2014,MG,41785,CABECEIRA GRANDE,280,DILMA,1616
56190,2014,MG,49190,OURO FINO,199,DILMA,3919
56191,2014,MG,49859,PEDRO LEOPOLDO,215,DILMA,11845
56192,2014,MG,48593,MONTE BELO,307,DILMA,3740
56193,2014,MG,41866,CATUTI,226,DILMA,2129
56197,2014,MG,47872,MANHUAÇU,167,DILMA,20390
56198,2014,MG,41653,BORDA DA MATA,48,DILMA,3582
56199,2014,MG,54216,WENCESLAU BRAZ,134,DILMA,664
56200,2014,MG,53490,SIMÃO PEREIRA,173,DILMA,980
56203,2014,MG,41181,NOVORIZONTE,244,DILMA,1737
56204,2014,MG,52337,SÃO GONÇALO DO ABAETÉ,210,DILMA,1751
56205,2014,MG,46930,JACINTO,144,DILMA,3186
56206,2014,MG,49719,PEÇANHA,212,DILMA,5045
56207,2014,MG,42170,CAMPANHA,61,DILMA,2239
56208,2014,MG,41947,CÓRREGO FUNDO,114,DILMA,1460
56209,2014,MG,47538,LAJINHA,158,DILMA,6428
56210,2014,MG,46574,ITAMOGI,301,DILMA,2686
56211,2014,MG,49670,PAULISTAS,242,DILMA,1806
56212,2014,MG,54097,URUCÂNIA,339,DILMA,3516
56213,2014,MG,42544,VEREDINHA,336,DILMA,2214
56215,2014,MG,41645,SÃO JOSÉ DA BARRA,10,DILMA,2390
56218,2014,MG,51691,SANTANA DE PIRAPAMA,264,DILMA,2927
56219,2014,MG,53775,TIROS,337,DILMA,1486
56220,2014,MG,44130,CRUZEIRO DA FORTALEZA,211,DILMA,1149
56221,2014,MG,45110,FELISBURGO,149,DILMA,1866
56222,2014,MG,42854,CARMO DO PARANAÍBA,76,DILMA,5872
56227,2014,MG,47775,MACHACALIS,4,DILMA,2265
56232,2014,MG,42595,CARAÍ,196,DILMA,6475
56233,2014,MG,40630,ARAÇAÍ,206,DILMA,688
56234,2014,MG,51730,SANTANA DO GARAMBÉU,25,DILMA,691
56235,2014,MG,50377,POCRANE,129,DILMA,2828
56236,2014,MG,43010,CÁSSIA,78,DILMA,5021
56237,2014,MG,42072,CAMACHO,139,DILMA,1131
56242,2014,MG,40177,ÁGUAS FORMOSAS,4,DILMA,5206
56243,2014,MG,41262,PADRE CARVALHO,244,DILMA,1804
56244,2014,MG,41718,BRASÍLIA DE MINAS,50,DILMA,12676
56245,2014,MG,47953,MAR DE ESPANHA,170,DILMA,3098
56247,2014,MG,40614,ANTÔNIO PRADO DE MINAS,111,DILMA,600
56264,2014,MG,41297,BERILO,177,DILMA,3623
56265,2014,MG,44539,DOM SILVÉRIO,12,DILMA,1691
56267,2014,MG,40266,IPABA,348,DILMA,5668
56268,2014,MG,45772,GUIMARÂNIA,211,DILMA,2201
56269,2014,MG,47074,JECEABA,106,DILMA,1563
56270,2014,MG,45632,GUARACIABA,225,DILMA,3690
56282,2014,MG,51276,ROMARIA,181,DILMA,1424
56283,2014,MG,51853,SANTA RITA DE JACUTINGA,240,DILMA,1656
56980,2014,MG,44750,ENGENHEIRO NAVARRO,44,DILMA,3025
56981,2014,MG,42650,CARANGOLA,69,DILMA,9999
56982,2014,MG,43397,COMERCINHO,175,DILMA,3329
56985,2014,MG,41912,CACHOEIRA DA PRATA,322,DILMA,844
56986,2014,MG,49395,PARACATU,203,DILMA,18334
56987,2014,MG,41106,NATALÂNDIA,329,DILMA,1606
56995,2014,MG,50911,RIBEIRÃO DAS NEVES,286,DILMA,31486
56996,2014,MG,54259,VESPASIANO,311,DILMA,19161
57003,2014,MG,41467,SANTA CRUZ DE MINAS,256,DILMA,1816
57004,2014,MG,48658,MONTES CLAROS,184,DILMA,142
57007,2014,MG,48437,MIRAÍ,178,DILMA,3923
57008,2014,MG,45950,IBIRITÉ,288,DILMA,14420
57011,2014,MG,46370,ITABIRITO,133,DILMA,8514
57012,2014,MG,42161,GOIANÁ,235,DILMA,1138
57013,2014,MG,44474,DIVISA NOVA,55,DILMA,1731
57014,2014,MG,46035,IGARATINGA,202,DILMA,2560
57020,2014,MG,41963,CRISÓLITA,4,DILMA,1961
57027,2014,MG,53678,TARUMIRIM,267,DILMA,3483
57028,2014,MG,48313,MERCÊS,289,DILMA,3702
57029,2014,MG,48550,MONTE ALEGRE DE MINAS,179,DILMA,6244
57742,2014,MG,53210,SENHORA DO PORTO,121,DILMA,1061
57743,2014,MG,40762,SÃO JOÃO DO PACUÍ,94,DILMA,2154
57744,2014,MG,52795,SÃO PEDRO DOS FERROS,234,DILMA,2781
57767,2014,MG,47937,MARAVILHAS,219,DILMA,2163
57778,2014,MG,42013,CAIANA,303,DILMA,1987
57779,2014,MG,41807,CAMPO AZUL,50,DILMA,1860
57780,2014,MG,40460,MONTEZUMA,237,DILMA,2691
57786,2014,MG,44830,ESPERA FELIZ,303,DILMA,7727
57787,2014,MG,46051,IGUATAMA,304,DILMA,2159
57788,2014,MG,40754,ARAPUÁ,236,DILMA,693
57789,2014,MG,54119,VARGEM BONITA,323,DILMA,616
57790,2014,MG,48739,MORRO DO PILAR,83,DILMA,965
57798,2014,MG,51497,SANTA EFIGÊNIA DE MINAS,283,DILMA,1684
57799,2014,MG,42510,CAPINÓPOLIS,302,DILMA,4996
57800,2014,MG,52035,SANTO ANTÔNIO DO ITAMBÉ,262,DILMA,1350
57805,2014,MG,45195,FLORESTAL,202,DILMA,1985
57806,2014,MG,47813,MADRE DE DEUS DE MINAS,14,DILMA,1338
57807,2014,MG,51179,RIO PRETO,240,DILMA,2103
57820,2014,MG,48011,MARILAC,318,DILMA,1563
57821,2014,MG,48070,MARMELÓPOLIS,134,DILMA,919
57822,2014,MG,41459,BOCAIÚVA,44,DILMA,16216
57823,2014,MG,40835,ARCOS,18,DILMA,9497
57824,2014,MG,52175,SÃO BRÁS DO SUAÇUÍ,106,DILMA,949
57825,2014,MG,41840,CATAS ALTAS,245,DILMA,1345
57826,2014,MG,42382,SERRANÓPOLIS DE MINAS,226,DILMA,2015
57827,2014,MG,46779,ITAVERAVA,88,DILMA,2611
57828,2014,MG,40053,ABRE CAMPO,2,DILMA,4732
57833,2014,MG,43478,CONCEIÇÃO DE IPANEMA,129,DILMA,1860
57834,2014,MG,42340,SÃO SEBASTIÃO DA VARGEM ALEGRE,178,DILMA,1246
57835,2014,MG,51799,SANTANA DO RIACHO,143,DILMA,1273
57836,2014,MG,40118,ÁGUA BOA,67,DILMA,4897
57841,2014,MG,43095,CAXAMBU,80,DILMA,5490
57847,2014,MG,43451,CONCEIÇÃO DAS ALAGOAS,82,DILMA,7645
57848,2014,MG,53317,SERRA DA SAUDADE,104,DILMA,267
57849,2014,MG,42323,JOSÉ RAYDAN,247,DILMA,1544
57850,2014,MG,51632,SANTA MARIA DO SUAÇUÍ,247,DILMA,4482
57851,2014,MG,46752,ITAÚNA,140,DILMA,10264
57852,2014,MG,52752,SÃO MIGUEL DO ANTA,282,DILMA,2929
57858,2014,MG,54410,VISCONDE DO RIO BRANCO,284,DILMA,11851
57859,2014,MG,52450,SÃO JOÃO DA MATA,265,DILMA,779
57860,2014,MG,49174,OURO BRANCO,198,DILMA,8124
57861,2014,MG,44776,ENTRE RIOS DE MINAS,106,DILMA,3513
57865,2014,MG,46655,ITAOBIM,175,DILMA,5229
57866,2014,MG,46973,JACUTINGA,146,DILMA,1824
57870,2014,MG,45039,FAMA,204,DILMA,892
57871,2014,MG,49778,PEDRA DO INDAIÁ,249,DILMA,1136
57876,2014,MG,40894,ARINOS,320,DILMA,6015
57878,2014,MG,41610,BONFIM,47,DILMA,2047
57884,2014,MG,40975,BAEPENDI,20,DILMA,5209
57894,2014,MG,41416,BOA ESPERANÇA,43,DILMA,9403
57895,2014,MG,49891,PEQUERI,42,DILMA,1016
57903,2014,MG,52817,SÃO PEDRO DO SUAÇUÍ,212,DILMA,1649
57905,2014,MG,42056,CALDAS,57,DILMA,3252
58980,2014,MG,49875,PEDRO TEIXEIRA,162,DILMA,907
59002,2014,MG,50610,PRESIDENTE BERNARDES,217,DILMA,1953
59003,2014,MG,43192,CHALÉ,158,DILMA,2304
59015,2014,MG,40983,LUISBURGO,167,DILMA,1993
59025,2014,MG,43710,CONTAGEM,92,DILMA,22400
59026,2014,MG,51110,RIO PARDO DE MINAS,237,DILMA,9660
59027,2014,MG,45535,GOVERNADOR VALADARES,119,DILMA,20672
59028,2014,MG,45390,FRONTEIRA,116,DILMA,3767
59029,2014,MG,45934,IBIRACI,127,DILMA,2090
59044,2014,MG,52590,SÃO JOSÉ DA SAFIRA,247,DILMA,1488
59057,2014,MG,45217,FORMIGA,114,DILMA,13752
59079,2014,MG,50652,PRESIDENTE KUBITSCHEK,101,DILMA,1166
59080,2014,MG,44377,DIVINÉSIA,275,DILMA,1221
59107,2014,MG,41238,BELO HORIZONTE,332,DILMA,17672
59123,2014,MG,49255,PADRE PARAÍSO,15,DILMA,5837
59124,2014,MG,43818,CORINTO,95,DILMA,7276
59125,2014,MG,41440,SANTA BÁRBARA DO MONTE VERDE,240,DILMA,1293
59126,2014,MG,40908,VARGEM ALEGRE,72,DILMA,2437
59127,2014,MG,53473,SILVIANÓPOLIS,265,DILMA,1186
59128,2014,MG,47856,MANGA,166,DILMA,7658
59133,2014,MG,53813,TOLEDO,112,DILMA,963
59134,2014,MG,44938,ESTRELA DO INDAIÁ,104,DILMA,557
59135,2014,MG,40770,ARAÚJOS,298,DILMA,1082
59136,2014,MG,54011,UBERABA,326,DILMA,14682
59137,2014,MG,54011,UBERABA,347,DILMA,19538
59138,2014,MG,54194,VAZANTE,295,DILMA,8194
59141,2014,MG,44296,DESTERRO DO MELO,25,DILMA,1103
59142,2014,MG,49930,PERDIGÃO,298,DILMA,849
59146,2014,MG,50415,PONTE NOVA,224,DILMA,20101
59147,2014,MG,42838,CARMO DO CAJURU,287,DILMA,5210
59155,2014,MG,48658,MONTES CLAROS,325,DILMA,19879
59156,2014,MG,52256,SÃO FRANCISCO DE SALES,297,DILMA,2437
59157,2014,MG,41920,CONFINS,215,DILMA,1221
59158,2014,MG,47058,JAPARAÍBA,156,DILMA,957
59159,2014,MG,43990,CÓRREGO NOVO,72,DILMA,1603
59160,2014,MG,43150,CENTRALINA,66,DILMA,3385
59162,2014,MG,48933,NOVA ERA,193,DILMA,5583
59163,2014,MG,41564,SÃO FÉLIX DE MINAS,169,DILMA,1172
59166,2014,MG,40320,JUATUBA,172,DILMA,5670
59168,2014,MG,51934,SANTA ROSA DA SERRA,327,DILMA,1150
59169,2014,MG,51950,SANTA VITÓRIA,308,DILMA,7737
59170,2014,MG,49697,PAVÃO,270,DILMA,2152
59172,2014,MG,41637,BONFINÓPOLIS DE MINAS,329,DILMA,1718
59173,2014,MG,43532,CONCEIÇÃO DO RIO VERDE,84,DILMA,2586
59174,2014,MG,52094,SANTO ANTÔNIO DO RIO ABAIXO,83,DILMA,466
59176,2014,MG,44210,DELFIM MOREIRA,134,DILMA,1673
59178,2014,MG,49590,PATOS DE MINAS,330,DILMA,18450
59179,2014,MG,41815,BUENO BRANDÃO,53,DILMA,1560
59180,2014,MG,43699,CONSOLAÇÃO,205,DILMA,403
59181,2014,MG,44253,DESCOBERTO,258,DILMA,1252
59182,2014,MG,50113,PIRACEMA,208,DILMA,2564
59183,2014,MG,41190,BELA VISTA DE MINAS,193,DILMA,3665
59184,2014,MG,43354,COLUNA,257,DILMA,2719
59185,2014,MG,53295,SERRA AZUL DE MINAS,262,DILMA,1229
59186,2014,MG,40444,MATIAS CARDOSO,166,DILMA,3409
59187,2014,MG,48399,MIRABELA,185,DILMA,5685
59188,2014,MG,54011,UBERABA,277,DILMA,15153
59189,2014,MG,47651,LEANDRO FERREIRA,219,DILMA,612
59191,2014,MG,50598,PRATINHA,126,DILMA,899
59192,2014,MG,45098,SÃO GONÇALO DO RIO PRETO,101,DILMA,1077
59193,2014,MG,49557,PASSA VINTE,6,DILMA,496
59194,2014,MG,40282,JAÍBA,166,DILMA,13007
59195,2014,MG,44512,DOM JOAQUIM,83,DILMA,1479
59196,2014,MG,44490,DOM CAVATI,128,DILMA,1586
59197,2014,MG,41955,CACHOEIRA DOURADA,302,DILMA,943
59198,2014,MG,47090,JEQUERI,339,DILMA,4243
59199,2014,MG,40371,ALPINÓPOLIS,10,DILMA,6733
59200,2014,MG,40223,FRANCISCÓPOLIS,165,DILMA,1998
61643,2014,MG,40860,UBAPORANGA,71,DILMA,3176
61644,2014,MG,47279,JOAQUIM FELÍCIO,54,DILMA,1199
61653,2014,MG,42234,CAMPO BELO,64,DILMA,12924
61654,2014,MG,52957,SÃO SEBASTIÃO DO RIO PRETO,83,DILMA,328
61680,2014,MG,43710,CONTAGEM,93,DILMA,17500
61685,2014,MG,48534,MONTALVÂNIA,342,DILMA,5614
61691,2014,MG,42080,FRUTA DE LEITE,244,DILMA,2087
61692,2014,MG,41238,BELO HORIZONTE,33,DILMA,593
61693,2014,MG,41238,BELO HORIZONTE,39,DILMA,23145
61706,2014,MG,46558,ITAMBÉ DO MATO DENTRO,132,DILMA,1067
61707,2014,MG,50814,RECREIO,161,DILMA,3460
61718,2014,MG,47112,JEQUITAÍ,218,DILMA,3388
61721,2014,MG,43877,CORONEL FABRICIANO,97,DILMA,22671
61731,2014,MG,48178,MATIPÓ,2,DILMA,6638
61733,2014,MG,40622,ROSÁRIO DA LIMEIRA,187,DILMA,2371
61740,2014,MG,42692,CARBONITA,135,DILMA,2929
61741,2014,MG,47899,MANHUMIRIM,168,DILMA,5749
61744,2014,MG,53171,SENADOR MODESTINO GONÇALVES,101,DILMA,1487
61745,2014,MG,53074,SAPUCAÍ-MIRIM,205,DILMA,1269
61753,2014,MG,50091,PIMENTA,114,DILMA,2178
61758,2014,MG,45713,GUARDA-MOR,295,DILMA,2121
61759,2014,MG,51810,SANTANA DOS MONTES,88,DILMA,1236
61760,2014,MG,40495,AMPARO DO SERRA,225,DILMA,2295
61787,2014,MG,42480,VARGEM GRANDE DO RIO PARDO,237,DILMA,1557
61788,2014,MG,41254,BELO ORIENTE,3,DILMA,8044
61790,2014,MG,54011,UBERABA,276,DILMA,20404
61791,2014,MG,52710,SÃO JOSÉ DO MANTIMENTO,158,DILMA,900
61837,2014,MG,46353,ITABIRINHA,169,DILMA,2853
61858,2014,MG,46876,ITURAMA,142,DILMA,12343
61859,2014,MG,40088,CARNEIRINHO,142,DILMA,3906
61860,2014,MG,53198,SENHORA DE OLIVEIRA,217,DILMA,2163
61883,2014,MG,49336,PALMA,201,DILMA,2567
61893,2014,MG,44458,DIVINÓPOLIS,102,DILMA,27515
63515,2014,MG,40843,SENADOR AMARAL,59,DILMA,1757
63524,2014,MG,45276,FORTUNA DE MINAS,322,DILMA,955
63525,2014,MG,43974,CÓRREGO DO BOM JESUS,59,DILMA,916
63530,2014,MG,52558,SÃO JOÃO EVANGELISTA,257,DILMA,5159
63531,2014,MG,53937,TURMALINA,336,DILMA,6784
63541,2014,MG,52574,SÃO JOÃO NEPOMUCENO,258,DILMA,6245
63560,2014,MG,41629,SÃO JOAQUIM DE BICAS,41,DILMA,6934
63561,2014,MG,46450,ITAIPÉ,196,DILMA,2355
63562,2014,MG,40584,PONTO DOS VOLANTES,15,DILMA,3347
63582,2014,MG,51519,SANTA FÉ DE MINAS,285,DILMA,1700
63589,2014,MG,47015,JANAÚBA,147,DILMA,24507
63590,2014,MG,46310,IRAÍ DE MINAS,181,DILMA,2375
63607,2014,MG,53414,SERRO,262,DILMA,6344
63613,2014,MG,50636,PRESIDENTE JUSCELINO,100,DILMA,1887
63614,2014,MG,49131,OLIVEIRA FORTES,250,DILMA,1041
63615,2014,MG,47333,JUIZ DE FORA,155,DILMA,13408
63619,2014,MG,40525,PALMÓPOLIS,9,DILMA,2122
63627,2014,MG,52353,SÃO GONÇALO DO PARÁ,202,DILMA,1747
63628,2014,MG,47376,JURUAIA,189,DILMA,2423
63634,2014,MG,40304,JAMPRUCA,136,DILMA,2115
63638,2014,MG,40096,AÇUCENA,3,DILMA,3114
63639,2014,MG,43176,CHÁCARA,155,DILMA,1121
63640,2014,MG,50474,POTÉ,270,DILMA,4312
63644,2014,MG,50270,PITANGUI,219,DILMA,4082
63651,2014,MG,42188,GUARACIAMA,44,DILMA,3022
63652,2014,MG,44032,CRISTAIS,64,DILMA,2995
63654,2014,MG,50334,POÇO FUNDO,221,DILMA,4968
63655,2014,MG,54178,VARZELÂNDIA,255,DILMA,6966
63691,2014,MG,46272,IPIAÇU,302,DILMA,1513
63706,2014,MG,41238,BELO HORIZONTE,32,DILMA,17858
63721,2014,MG,49077,OLARIA,162,DILMA,864
63731,2014,MG,42463,URUANA DE MINAS,320,DILMA,1323
63732,2014,MG,42528,VERDELÂNDIA,147,DILMA,3416
63733,2014,MG,42102,GAMELEIRAS,180,DILMA,2245
63734,2014,MG,40916,ASTOLFO DUTRA,79,DILMA,4546
63738,2014,MG,52612,SÃO JOSÉ DA VARGINHA,202,DILMA,913
63739,2014,MG,50997,RIO DOCE,225,DILMA,852
63745,2014,MG,48658,MONTES CLAROS,185,DILMA,25552
63887,2014,MG,40991,BALDIM,264,DILMA,2178
63888,2014,MG,49832,PEDRINÓPOLIS,291,DILMA,1068
63889,2014,MG,40010,ABADIA DOS DOURADOS,96,DILMA,2478
63890,2014,MG,52876,SÃO SEBASTIÃO DA BELA VISTA,248,DILMA,1901
63891,2014,MG,49115,OLIVEIRA,197,DILMA,6995
63892,2014,MG,46299,IPUIÚNA,345,DILMA,2884
63893,2014,MG,44199,DATAS,101,DILMA,1857
66501,2014,MG,47570,LAMIM,88,AÉCIO NEVES,691
66502,2014,MG,48330,MESQUITA,176,AÉCIO NEVES,1158
66503,2014,MG,48992,NOVA PONTE,340,AÉCIO NEVES,2281
66518,2014,MG,52850,SÃO ROQUE DE MINAS,323,AÉCIO NEVES,3028
66519,2014,MG,48658,MONTES CLAROS,325,AÉCIO NEVES,10953
66520,2014,MG,46876,ITURAMA,142,AÉCIO NEVES,5135
70053,2014,MG,49611,PATROCÍNIO,211,DILMA,19109
70054,2014,MG,42315,CAMPOS GERAIS,65,DILMA,5815
70055,2014,MG,48836,NACIP RAYDAN,212,DILMA,1184
70065,2014,MG,40169,DURANDÉ,168,DILMA,2928
70066,2014,MG,46671,ITAPAGIPE,297,DILMA,3731
70067,2014,MG,41114,BARBACENA,23,DILMA,36908
70076,2014,MG,43133,CENTRAL DE MINAS,169,DILMA,2815
70083,2014,MG,53252,SERICITA,2,DILMA,2531
70093,2014,MG,46698,ITAPECERICA,139,DILMA,4648
70094,2014,MG,48895,NAZARENO,328,DILMA,2226
70144,2014,MG,52892,SÃO SEBASTIÃO DO MARANHÃO,247,DILMA,2323
70172,2014,MG,48453,MOEDA,338,DILMA,1273
70173,2014,MG,40479,ALVORADA DE MINAS,262,DILMA,1495
70174,2014,MG,53376,SERRANIA,8,DILMA,1946
70175,2014,MG,53392,SERRANOS,6,DILMA,680
70323,2014,MG,43710,CONTAGEM,90,DILMA,39306
70324,2014,MG,52779,SÃO PEDRO DA UNIÃO,125,DILMA,1485
70325,2014,MG,50857,RESPLENDOR,233,DILMA,3695
70338,2014,MG,42579,CAPUTIRA,2,DILMA,3657
70339,2014,MG,45691,GUARARÁ,42,DILMA,1090
70341,2014,MG,40819,ARCEBURGO,182,DILMA,1269
70342,2014,MG,46159,INGAÍ,343,DILMA,782
70351,2014,MG,48798,MUTUM,188,DILMA,8515
70352,2014,MG,50296,PIUMHI,220,DILMA,6474
70366,2014,MG,45578,GRUPIARA,110,DILMA,407
70368,2014,MG,51918,SANTA RITA DO SAPUCAÍ,248,DILMA,2767
70384,2014,MG,44113,CRUCILÂNDIA,47,DILMA,1085
70385,2014,MG,46396,ITACAMBIRA,325,DILMA,2316
70386,2014,MG,50873,RESSAQUINHA,25,DILMA,1891
70387,2014,MG,48496,MONJOLOS,101,DILMA,799
70400,2014,MG,46213,INIMUTABA,100,DILMA,2509
70401,2014,MG,41793,BRUMADINHO,52,DILMA,6342
70402,2014,MG,46094,ILICÍNEA,43,DILMA,3729
70424,2014,MG,44458,DIVINÓPOLIS,103,DILMA,23787
70442,2014,MG,42390,CANDEIAS,296,DILMA,3644
70449,2014,MG,40290,ALÉM PARAÍBA,7,DILMA,10826
70450,2014,MG,40517,ANDRADAS,13,DILMA,5343
70451,2014,MG,49956,PERDIZES,291,DILMA,2246
70452,2014,MG,41238,BELO HORIZONTE,36,DILMA,23345
70453,2014,MG,40797,ARAXÁ,17,DILMA,21151
70455,2014,MG,40924,JOSENÓPOLIS,120,DILMA,1603
72119,2014,MG,40703,SÃO JOÃO DA LAGOA,94,AÉCIO NEVES,598
72132,2014,MG,54038,UBERLÂNDIA,335,AÉCIO NEVES,19103
72139,2014,MG,40878,ARGIRITA,161,AÉCIO NEVES,659
